"unique_key","created_date","closed_date","complaint_type","descriptor","borough","status"
"69196775","2026-06-01T14:37:02","2026-06-02T11:20:00","Street Condition","Pothole","MANHATTAN","Closed"
"69201541","2026-06-01T12:09:33","","Street Condition","Pothole","BROOKLYN","Open"
"69198316","2026-06-01T15:14:00","","Street Condition","Pothole","BROOKLYN","Open"
"69196314","2026-06-01T07:48:45","2026-06-01T22:22:00","Street Condition","Pothole","QUEENS","Closed"
"69205832","2026-06-01T15:55:15","2026-06-01T20:22:00","Street Condition","Pothole","QUEENS","Closed"
"69206292","2026-06-01T08:23:34","","Street Condition","Pothole","BROOKLYN","Open"
"69207353","2026-06-01T17:23:59","2026-06-01T23:33:00","Street Condition","Pothole","QUEENS","Closed"
"69203173","2026-06-01T16:40:08","","Street Condition","Pothole","BROOKLYN","Open"
"69202706","2026-06-01T09:08:38","2026-06-01T20:22:00","Street Condition","Pothole","QUEENS","Closed"
"69204753","2026-06-01T15:49:21","","Street Condition","Pothole","BROOKLYN","Open"
"69203174","2026-06-01T15:09:28","","Street Condition","Pothole","BROOKLYN","Open"
"69207824","2026-06-01T09:53:54","","Street Condition","Pothole","BROOKLYN","Open"
"69204286","2026-06-01T14:44:59","2026-06-01T22:22:00","Street Condition","Pothole","QUEENS","Closed"
"69206284","2026-06-01T23:23:35","2026-06-02T02:23:00","Street Condition","Pothole","QUEENS","Closed"
"69204752","2026-06-01T16:02:04","2026-06-02T09:35:00","Street Condition","Pothole","BROOKLYN","Closed"
"69204283","2026-06-01T12:37:56","2026-06-01T12:37:56","Street Condition","Pothole","BRONX","Closed"
"69206291","2026-06-02T01:39:05","2026-06-02T09:55:00","Street Condition","Pothole","BROOKLYN","Closed"
"69207355","2026-06-01T16:06:23","2026-06-01T22:22:00","Street Condition","Pothole","QUEENS","Closed"
"69202704","2026-06-01T10:46:12","2026-06-01T22:22:00","Street Condition","Pothole","QUEENS","Closed"
"69205841","2026-06-01T10:38:42","2026-06-01T23:22:00","Street Condition","Pothole","QUEENS","Closed"
"69207352","2026-06-01T18:43:55","2026-06-01T22:22:00","Street Condition","Pothole","QUEENS","Closed"
"69204297","2026-06-01T04:08:44","2026-06-01T23:00:00","Street Condition","Pothole","QUEENS","Closed"
"69207825","2026-06-01T09:39:03","","Street Condition","Pothole","BROOKLYN","Open"
"69199971","2026-06-01T10:48:35","","Street Condition","Pothole","BROOKLYN","Open"
"69197872","2026-06-01T16:16:46","2026-06-01T20:22:00","Street Condition","Pothole","QUEENS","Closed"
"69201083","2026-06-01T17:02:31","2026-06-01T20:22:00","Street Condition","Pothole","QUEENS","Closed"
"69199968","2026-06-01T23:04:36","","Street Condition","Pothole","BROOKLYN","Open"
"69196323","2026-06-01T18:39:17","2026-06-01T18:39:17","Street Condition","Pothole","MANHATTAN","Closed"
"69240254","2026-06-04T13:43:50","2026-06-17T08:15:00","Street Condition","Pothole","STATEN ISLAND","Closed"
"69203166","2026-06-01T15:07:15","2026-06-10T11:30:00","Street Condition","Pothole","STATEN ISLAND","Closed"
"69218872","2026-06-02T18:20:40","2026-06-12T07:20:00","Street Condition","Pothole","BRONX","Closed"
"69235814","2026-06-04T11:48:51","2026-06-10T08:15:00","Street Condition","Pothole","STATEN ISLAND","Closed"
"69238737","2026-06-04T19:38:53","2026-06-10T00:51:00","Street Condition","Pothole","STATEN ISLAND","Closed"
"69238739","2026-06-04T12:45:01","2026-06-10T13:10:00","Street Condition","Pothole","STATEN ISLAND","Closed"
"69284090","2026-06-06T18:04:29","2026-06-10T11:10:00","Street Condition","Pothole","BRONX","Closed"
"69244763","2026-06-04T08:34:19","2026-06-10T08:15:00","Street Condition","Pothole","BRONX","Closed"
"69244770","2026-06-04T18:57:22","2026-06-10T10:00:00","Street Condition","Pothole","QUEENS","Closed"
"69247959","2026-06-05T08:37:21","2026-06-08T02:25:00","Street Condition","Pothole","QUEENS","Closed"
"69249560","2026-06-05T18:52:14","2026-06-08T01:20:00","Street Condition","Pothole","QUEENS","Closed"
"69251127","2026-06-05T18:28:37","2026-06-08T20:05:00","Street Condition","Pothole","QUEENS","Closed"
"69251132","2026-06-05T15:10:14","2026-06-07T04:05:00","Street Condition","Pothole","QUEENS","Closed"
"69252818","2026-06-05T11:29:22","2026-06-10T12:55:00","Street Condition","Pothole","QUEENS","Closed"
"69252817","2026-06-05T12:07:43","2026-06-09T20:22:00","Street Condition","Pothole","QUEENS","Closed"
"69254385","2026-06-05T18:41:07","2026-06-07T03:35:00","Street Condition","Pothole","QUEENS","Closed"
"69256014","2026-06-05T15:48:31","2026-06-07T01:05:00","Street Condition","Pothole","QUEENS","Closed"
"69257663","2026-06-05T11:28:10","2026-06-10T11:50:00","Street Condition","Pothole","QUEENS","Closed"
"69257664","2026-06-05T11:25:02","2026-06-10T12:00:00","Street Condition","Pothole","QUEENS","Closed"
"69257665","2026-06-05T10:57:20","2026-06-10T10:35:00","Street Condition","Pothole","QUEENS","Closed"
"69257654","2026-06-05T07:17:08","2026-06-10T08:25:00","Street Condition","Pothole","BRONX","Closed"
"69282438","2026-06-07T19:47:32","2026-06-08T20:22:00","Street Condition","Pothole","QUEENS","Closed"
"69282444","2026-06-06T18:46:23","2026-06-06T23:05:00","Street Condition","Pothole","QUEENS","Closed"
"69282445","2026-06-06T17:24:11","2026-06-08T02:55:00","Street Condition","Pothole","QUEENS","Closed"
"69284089","2026-06-07T16:21:18","2026-06-10T11:45:00","Street Condition","Pothole","BRONX","Closed"
"69284093","2026-06-06T11:09:22","2026-06-10T08:45:00","Street Condition","Pothole","STATEN ISLAND","Closed"
"69284100","2026-06-07T19:00:46","2026-06-08T01:04:00","Street Condition","Pothole","QUEENS","Closed"
"69284103","2026-06-07T05:55:54","2026-06-08T02:22:00","Street Condition","Pothole","QUEENS","Closed"
"69284104","2026-06-06T20:28:25","2026-06-07T21:12:00","Street Condition","Pothole","QUEENS","Closed"
"69284105","2026-06-06T17:27:48","2026-06-07T03:35:00","Street Condition","Pothole","QUEENS","Closed"
"69285699","2026-06-07T12:44:27","2026-06-08T23:22:00","Street Condition","Pothole","QUEENS","Closed"
"69285700","2026-06-07T10:10:46","2026-06-08T02:22:00","Street Condition","Pothole","QUEENS","Closed"
"69285703","2026-06-06T12:30:07","2026-06-07T02:25:00","Street Condition","Pothole","QUEENS","Closed"
"69287387","2026-06-07T14:02:51","","Street Condition","Pothole","BRONX","Pending"
"69287393","2026-06-07T19:33:19","2026-06-08T01:11:00","Street Condition","Pothole","QUEENS","Closed"
"69287394","2026-06-07T17:02:45","2026-06-08T03:35:00","Street Condition","Pothole","QUEENS","Closed"
"69287395","2026-06-07T11:42:13","2026-06-08T03:23:00","Street Condition","Pothole","QUEENS","Closed"
"69289063","2026-06-06T09:57:52","2026-06-10T09:50:00","Street Condition","Pothole","BRONX","Closed"
"69289075","2026-06-07T18:47:45","2026-06-08T02:22:00","Street Condition","Pothole","QUEENS","Closed"
"69289078","2026-06-07T08:43:39","2026-06-08T02:44:00","Street Condition","Pothole","QUEENS","Closed"
"69289079","2026-06-07T07:30:47","2026-06-08T02:04:00","Street Condition","Pothole","QUEENS","Closed"
"69290674","2026-06-07T15:41:23","2026-06-10T11:35:00","Street Condition","Pothole","BRONX","Closed"
"69290679","2026-06-07T18:21:34","2026-06-08T03:05:00","Street Condition","Pothole","QUEENS","Closed"
"69290680","2026-06-07T14:50:45","2026-06-08T22:21:00","Street Condition","Pothole","QUEENS","Closed"
"69290681","2026-06-07T14:24:34","2026-06-08T22:22:00","Street Condition","Pothole","QUEENS","Closed"
"69290682","2026-06-07T11:41:29","2026-06-07T23:00:00","Street Condition","Pothole","QUEENS","Closed"
"69290683","2026-06-07T10:36:28","2026-06-07T20:05:00","Street Condition","Pothole","QUEENS","Closed"
"69290684","2026-06-07T09:47:49","2026-06-08T02:22:00","Street Condition","Pothole","QUEENS","Closed"
"69290686","2026-06-07T08:58:30","2026-06-09T03:33:00","Street Condition","Pothole","QUEENS","Closed"
"69290691","2026-06-06T12:23:52","2026-06-08T03:34:00","Street Condition","Pothole","QUEENS","Closed"
"69290692","2026-06-06T09:01:58","2026-06-07T04:54:00","Street Condition","Pothole","QUEENS","Closed"
"69292420","2026-06-07T13:25:08","2026-06-08T02:22:00","Street Condition","Pothole","QUEENS","Closed"
"69292403","2026-06-07T13:35:52","2026-06-10T10:25:00","Street Condition","Pothole","BRONX","Closed"
"69292407","2026-06-06T14:48:16","2026-06-10T09:15:00","Street Condition","Pothole","BRONX","Closed"
"69292424","2026-06-06T18:54:02","2026-06-06T21:05:00","Street Condition","Pothole","QUEENS","Closed"
"69292425","2026-06-06T17:52:58","2026-06-06T20:05:00","Street Condition","Pothole","QUEENS","Closed"
"69292428","2026-06-06T09:06:01","2026-06-07T20:22:00","Street Condition","Pothole","QUEENS","Closed"
"69292421","2026-06-07T10:31:45","2026-06-09T01:24:00","Street Condition","Pothole","QUEENS","Closed"
"69294126","2026-06-07T18:09:40","2026-06-08T02:23:00","Street Condition","Pothole","QUEENS","Closed"
"69294127","2026-06-07T12:35:20","2026-06-08T21:22:00","Street Condition","Pothole","QUEENS","Closed"
"69294128","2026-06-07T08:28:10","2026-06-07T23:22:00","Street Condition","Pothole","QUEENS","Closed"
"69294129","2026-06-06T15:02:33","2026-06-07T21:22:00","Street Condition","Pothole","QUEENS","Closed"
"69294131","2026-06-06T11:45:18","2026-06-07T02:22:00","Street Condition","Pothole","QUEENS","Closed"
"69307995","2026-06-07T06:33:54","2026-06-09T09:20:00","Street Condition","Pothole","BRONX","Closed"
"69209458","2026-06-02T20:12:31","2026-06-11T11:20:00","Street Condition","Pothole","Unspecified","Closed"
"69214159","2026-06-02T15:47:10","2026-06-05T02:23:00","Street Condition","Pothole","QUEENS","Closed"
"69315523","2026-06-07T06:32:18","2026-06-09T09:00:00","Street Condition","Pothole","BRONX","Closed"
"69318649","2026-06-07T06:34:36","2026-06-09T09:45:00","Street Condition","Pothole","BRONX","Closed"
"69234292","2026-06-05T00:28:16","2026-06-08T09:40:00","Street Condition","Pothole","QUEENS","Closed"
"69235818","2026-06-04T15:37:11","2026-06-04T20:22:00","Street Condition","Pothole","QUEENS","Closed"
"69238750","2026-06-04T13:57:47","2026-06-04T21:11:00","Street Condition","Pothole","QUEENS","Closed"
"69240253","2026-06-04T09:30:03","2026-06-10T11:05:00","Street Condition","Pothole","BRONX","Closed"
"69240261","2026-06-04T14:55:56","2026-06-04T20:04:00","Street Condition","Pothole","QUEENS","Closed"
"69241735","2026-06-04T17:05:51","2026-06-10T12:35:00","Street Condition","Pothole","STATEN ISLAND","Closed"
"69249570","2026-06-05T09:32:53","2026-06-10T09:25:00","Street Condition","Pothole","QUEENS","Closed"
"69251126","2026-06-05T19:53:09","2026-06-05T23:44:00","Street Condition","Pothole","QUEENS","Closed"
"69254395","2026-06-05T20:45:07","2026-06-08T13:45:00","Street Condition","Pothole","BROOKLYN","Closed"
"69256030","2026-06-05T09:41:54","2026-06-10T08:45:00","Street Condition","Pothole","BROOKLYN","Closed"
"69257662","2026-06-05T13:13:16","2026-06-05T23:22:00","Street Condition","Pothole","QUEENS","Closed"
"69281943","2026-06-05T14:14:02","2026-06-06T09:39:00","Street Condition","Pothole","MANHATTAN","Closed"
"69282447","2026-06-06T13:12:53","2026-06-08T02:56:00","Street Condition","Pothole","QUEENS","Closed"
"69283621","2026-06-06T21:53:08","2026-06-08T09:55:00","Street Condition","Pothole","MANHATTAN","Closed"
"69285201","2026-06-07T01:15:24","2026-06-08T18:57:00","Street Condition","Pothole","BROOKLYN","Closed"
"69286937","2026-06-07T00:23:16","2026-06-08T17:10:00","Street Condition","Pothole","MANHATTAN","Closed"
"69288581","2026-06-07T14:35:23","2026-06-08T11:32:00","Street Condition","Pothole","BROOKLYN","Closed"
"69292426","2026-06-06T16:07:57","2026-06-07T02:25:00","Street Condition","Pothole","QUEENS","Closed"
"69187018","2026-06-01T00:34:40","2026-06-01T19:22:00","Street Condition","Pothole","QUEENS","Closed"
"69294132","2026-06-06T06:21:02","2026-06-08T01:12:00","Street Condition","Pothole","QUEENS","Closed"
"69196316","2026-06-01T07:29:34","2026-06-01T19:33:00","Street Condition","Pothole","QUEENS","Closed"
"69197879","2026-06-01T04:10:11","2026-06-01T20:22:00","Street Condition","Pothole","QUEENS","Closed"
"69197880","2026-06-01T04:09:43","2026-06-01T22:21:00","Street Condition","Pothole","QUEENS","Closed"
"69197881","2026-06-01T04:08:13","2026-06-01T20:44:00","Street Condition","Pothole","QUEENS","Closed"
"69197882","2026-06-01T04:07:00","2026-06-01T04:07:00","Street Condition","Pothole","QUEENS","Closed"
"69204294","2026-06-01T07:49:42","2026-06-01T22:22:00","Street Condition","Pothole","QUEENS","Closed"
"69196315","2026-06-01T07:45:32","2026-06-01T21:22:00","Street Condition","Pothole","QUEENS","Closed"
"69196306","2026-06-01T19:39:29","2026-06-01T23:22:00","Street Condition","Pothole","QUEENS","Closed"
"69196307","2026-06-01T16:32:19","2026-06-01T22:22:00","Street Condition","Pothole","QUEENS","Closed"
"69196308","2026-06-01T15:34:42","2026-06-01T20:22:00","Street Condition","Pothole","QUEENS","Closed"
"69196309","2026-06-01T14:29:31","2026-06-01T20:22:00","Street Condition","Pothole","QUEENS","Closed"
"69196310","2026-06-01T10:32:53","2026-06-01T10:32:53","Street Condition","Pothole","QUEENS","Closed"
"69196311","2026-06-01T09:39:44","2026-06-01T23:22:00","Street Condition","Pothole","QUEENS","Closed"
"69196312","2026-06-01T09:19:18","2026-06-01T23:22:00","Street Condition","Pothole","QUEENS","Closed"
"69196313","2026-06-01T08:03:16","2026-06-01T20:03:00","Street Condition","Pothole","QUEENS","Closed"
"69196317","2026-06-01T05:12:03","2026-06-01T22:22:00","Street Condition","Pothole","QUEENS","Closed"
"69196318","2026-06-01T04:09:08","2026-06-01T04:09:08","Street Condition","Pothole","QUEENS","Closed"
"69196319","2026-06-01T04:07:40","2026-06-01T20:22:00","Street Condition","Pothole","QUEENS","Closed"
"69196324","2026-06-01T14:34:56","2026-06-01T14:34:56","Street Condition","Pothole","MANHATTAN","Closed"
"69204295","2026-06-01T07:46:09","2026-06-01T21:22:00","Street Condition","Pothole","QUEENS","Closed"
"69197888","2026-06-01T06:19:03","2026-06-01T06:19:03","Street Condition","Pothole","BROOKLYN","Closed"
"69197876","2026-06-01T07:16:46","2026-06-01T23:22:00","Street Condition","Pothole","QUEENS","Closed"
"69197877","2026-06-01T07:13:01","2026-06-01T22:22:00","Street Condition","Pothole","QUEENS","Closed"
"69197878","2026-06-01T07:07:33","2026-06-01T20:22:00","Street Condition","Pothole","QUEENS","Closed"
"69197867","2026-06-02T01:14:43","2026-06-02T01:14:43","Street Condition","Pothole","QUEENS","Closed"
"69197870","2026-06-01T22:01:23","2026-06-01T22:01:23","Street Condition","Pothole","QUEENS","Closed"
"69197871","2026-06-01T17:15:01","2026-06-01T17:15:01","Street Condition","Pothole","QUEENS","Closed"
"69197873","2026-06-01T15:22:32","2026-06-01T22:22:00","Street Condition","Pothole","QUEENS","Closed"
"69197874","2026-06-01T12:20:45","2026-06-01T12:20:45","Street Condition","Pothole","QUEENS","Closed"
"69197885","2026-06-01T12:05:34","2026-06-01T12:05:34","Street Condition","Pothole","BROOKLYN","Closed"
"69197886","2026-06-01T09:38:18","2026-06-01T09:38:18","Street Condition","Pothole","BROOKLYN","Closed"
"69199486","2026-06-01T01:27:45","2026-06-02T00:08:00","Street Condition","Pothole","BROOKLYN","Closed"
"69199473","2026-06-01T12:08:13","2026-06-01T12:08:13","Street Condition","Pothole","BRONX","Closed"
"69199474","2026-06-01T18:21:41","2026-06-01T20:22:00","Street Condition","Pothole","QUEENS","Closed"
"69199475","2026-06-01T17:32:54","2026-06-01T20:03:00","Street Condition","Pothole","QUEENS","Closed"
"69199476","2026-06-01T15:27:27","2026-06-01T23:22:00","Street Condition","Pothole","QUEENS","Closed"
"69199477","2026-06-01T15:24:36","2026-06-01T23:22:00","Street Condition","Pothole","QUEENS","Closed"
"69199478","2026-06-01T13:26:13","2026-06-01T20:22:00","Street Condition","Pothole","QUEENS","Closed"
"69199480","2026-06-01T09:04:54","2026-06-01T22:12:00","Street Condition","Pothole","QUEENS","Closed"
"69199481","2026-06-01T08:28:09","2026-06-01T20:22:00","Street Condition","Pothole","QUEENS","Closed"
"69199482","2026-06-01T08:14:52","2026-06-01T20:22:00","Street Condition","Pothole","QUEENS","Closed"
"69199483","2026-06-01T07:19:50","2026-06-01T20:22:00","Street Condition","Pothole","QUEENS","Closed"
"69199484","2026-06-01T07:16:03","2026-06-01T22:22:00","Street Condition","Pothole","QUEENS","Closed"
"69199485","2026-06-01T07:07:41","2026-06-01T23:21:00","Street Condition","Pothole","QUEENS","Closed"
"69199487","2026-06-01T06:21:38","2026-06-01T06:21:38","Street Condition","Pothole","BROOKLYN","Closed"
"69205846","2026-06-01T07:23:23","2026-06-01T07:23:23","Street Condition","Pothole","QUEENS","Closed"
"69199964","2026-06-01T18:09:48","2026-06-11T22:00:00","Street Condition","Pothole","STATEN ISLAND","Closed"
"69201084","2026-06-01T14:17:09","2026-06-01T22:22:00","Street Condition","Pothole","QUEENS","Closed"
"69201085","2026-06-01T13:38:31","2026-06-01T22:22:00","Street Condition","Pothole","QUEENS","Closed"
"69201081","2026-06-01T20:04:08","2026-06-01T20:04:08","Street Condition","Pothole","QUEENS","Closed"
"69201082","2026-06-01T18:24:17","2026-06-01T21:22:00","Street Condition","Pothole","QUEENS","Closed"
"69201086","2026-06-01T12:07:57","2026-06-01T12:07:57","Street Condition","Pothole","QUEENS","Closed"
"69201087","2026-06-01T10:33:04","2026-06-01T23:22:00","Street Condition","Pothole","QUEENS","Closed"
"69201088","2026-06-01T08:11:27","2026-06-01T23:22:00","Street Condition","Pothole","QUEENS","Closed"
"69201089","2026-06-01T08:03:56","2026-06-01T23:22:00","Street Condition","Pothole","QUEENS","Closed"
"69201090","2026-06-01T07:47:25","2026-06-01T07:47:25","Street Condition","Pothole","QUEENS","Closed"
"69201091","2026-06-01T07:47:25","2026-06-01T20:22:00","Street Condition","Pothole","QUEENS","Closed"
"69201092","2026-06-01T04:11:01","2026-06-01T20:44:00","Street Condition","Pothole","QUEENS","Closed"
"69201093","2026-06-01T04:06:20","2026-06-01T22:22:00","Street Condition","Pothole","QUEENS","Closed"
"69201095","2026-06-01T22:35:56","2026-06-01T22:35:56","Street Condition","Pothole","MANHATTAN","Closed"
"69201096","2026-06-01T01:29:31","2026-06-02T00:36:00","Street Condition","Pothole","BROOKLYN","Closed"
"69202695","2026-06-01T22:28:46","2026-06-01T22:28:46","Street Condition","Pothole","QUEENS","Closed"
"69202697","2026-06-01T19:28:50","2026-06-01T22:22:00","Street Condition","Pothole","QUEENS","Closed"
"69202698","2026-06-01T18:38:36","2026-06-01T23:21:00","Street Condition","Pothole","QUEENS","Closed"
"69202699","2026-06-01T16:38:36","2026-06-01T21:22:00","Street Condition","Pothole","QUEENS","Closed"
"69202700","2026-06-01T16:04:32","2026-06-01T23:22:00","Street Condition","Pothole","QUEENS","Closed"
"69202701","2026-06-01T14:35:40","2026-06-01T14:35:40","Street Condition","Pothole","QUEENS","Closed"
"69202702","2026-06-01T13:20:56","2026-06-01T20:22:00","Street Condition","Pothole","QUEENS","Closed"
"69202703","2026-06-01T12:12:41","2026-06-01T22:22:00","Street Condition","Pothole","QUEENS","Closed"
"69202705","2026-06-01T10:00:49","2026-06-01T20:22:00","Street Condition","Pothole","QUEENS","Closed"
"69202707","2026-06-01T08:15:12","2026-06-01T23:22:00","Street Condition","Pothole","QUEENS","Closed"
"69202708","2026-06-01T08:13:51","2026-06-01T22:12:00","Street Condition","Pothole","QUEENS","Closed"
"69202709","2026-06-01T07:46:55","2026-06-01T23:22:00","Street Condition","Pothole","QUEENS","Closed"
"69202710","2026-06-01T04:11:31","2026-06-01T23:22:00","Street Condition","Pothole","QUEENS","Closed"
"69202711","2026-06-01T04:10:33","2026-06-01T23:11:00","Street Condition","Pothole","QUEENS","Closed"
"69202715","2026-06-01T19:26:57","2026-06-01T19:26:57","Street Condition","Pothole","BROOKLYN","Closed"
"69204296","2026-06-01T05:53:43","2026-06-01T20:22:00","Street Condition","Pothole","QUEENS","Closed"
"69204284","2026-06-01T18:52:55","2026-06-01T20:00:00","Street Condition","Pothole","QUEENS","Closed"
"69204285","2026-06-01T15:16:04","2026-06-01T23:22:00","Street Condition","Pothole","QUEENS","Closed"
"69204288","2026-06-01T11:50:38","2026-06-01T20:22:00","Street Condition","Pothole","QUEENS","Closed"
"69204293","2026-06-01T07:50:14","2026-06-01T20:22:00","Street Condition","Pothole","QUEENS","Closed"
"69204289","2026-06-01T10:54:31","2026-06-01T10:54:31","Street Condition","Pothole","QUEENS","Closed"
"69204290","2026-06-01T10:14:26","2026-06-01T22:22:00","Street Condition","Pothole","QUEENS","Closed"
"69204291","2026-06-01T09:58:51","2026-06-01T23:22:00","Street Condition","Pothole","QUEENS","Closed"
"69204292","2026-06-01T09:43:21","2026-06-01T22:22:00","Street Condition","Pothole","QUEENS","Closed"
"69204299","2026-06-01T01:28:33","2026-06-02T00:19:00","Street Condition","Pothole","BROOKLYN","Closed"
"69204740","2026-06-01T10:15:39","2026-06-10T11:45:00","Street Condition","Pothole","BRONX","Closed"
"69205847","2026-06-01T06:40:32","2026-06-01T21:22:00","Street Condition","Pothole","QUEENS","Closed"
"69205828","2026-06-01T21:32:07","2026-06-01T21:32:07","Street Condition","Pothole","STATEN ISLAND","Closed"
"69205827","2026-06-01T08:31:28","2026-06-01T08:31:28","Street Condition","Pothole","BRONX","Closed"
"69205831","2026-06-01T17:38:22","2026-06-01T20:02:00","Street Condition","Pothole","QUEENS","Closed"
"69205833","2026-06-01T15:31:51","2026-06-01T23:22:00","Street Condition","Pothole","QUEENS","Closed"
"69205834","2026-06-01T14:58:45","2026-06-01T19:22:00","Street Condition","Pothole","QUEENS","Closed"
"69205835","2026-06-01T14:48:20","2026-06-01T14:48:20","Street Condition","Pothole","QUEENS","Closed"
"69205836","2026-06-01T14:45:57","2026-06-01T20:22:00","Street Condition","Pothole","QUEENS","Closed"
"69205837","2026-06-01T13:33:43","2026-06-01T20:22:00","Street Condition","Pothole","QUEENS","Closed"
"69205838","2026-06-01T12:21:44","2026-06-01T12:21:44","Street Condition","Pothole","QUEENS","Closed"
"69205839","2026-06-01T12:05:08","2026-06-01T23:22:00","Street Condition","Pothole","QUEENS","Closed"
"69205840","2026-06-01T11:03:05","2026-06-01T21:23:00","Street Condition","Pothole","QUEENS","Closed"
"69205842","2026-06-01T07:49:08","2026-06-01T07:49:08","Street Condition","Pothole","QUEENS","Closed"
"69205843","2026-06-01T07:48:15","2026-06-01T07:48:15","Street Condition","Pothole","QUEENS","Closed"
"69205844","2026-06-01T07:29:18","2026-06-01T20:22:00","Street Condition","Pothole","QUEENS","Closed"
"69207366","2026-06-01T07:10:16","2026-06-01T20:00:00","Street Condition","Pothole","QUEENS","Closed"
"69207367","2026-06-01T07:08:59","2026-06-01T23:22:00","Street Condition","Pothole","QUEENS","Closed"
"69207368","2026-06-01T05:48:28","2026-06-01T21:12:00","Street Condition","Pothole","QUEENS","Closed"
"69207346","2026-06-01T08:00:47","2026-06-01T08:00:47","Street Condition","Pothole","BRONX","Closed"
"69207349","2026-06-01T19:44:37","2026-06-01T20:22:00","Street Condition","Pothole","QUEENS","Closed"
"69207350","2026-06-01T18:59:43","2026-06-01T20:22:00","Street Condition","Pothole","QUEENS","Closed"
"69207351","2026-06-01T18:45:01","2026-06-01T19:22:00","Street Condition","Pothole","QUEENS","Closed"
"69207354","2026-06-01T16:43:44","2026-06-01T20:22:00","Street Condition","Pothole","QUEENS","Closed"
"69207356","2026-06-01T15:31:14","2026-06-01T20:22:00","Street Condition","Pothole","QUEENS","Closed"
"69207357","2026-06-01T15:30:14","2026-06-01T22:22:00","Street Condition","Pothole","QUEENS","Closed"
"69207358","2026-06-01T14:32:07","2026-06-01T22:22:00","Street Condition","Pothole","QUEENS","Closed"
"69207359","2026-06-01T13:52:03","2026-06-01T21:22:00","Street Condition","Pothole","QUEENS","Closed"
"69207360","2026-06-01T11:52:00","2026-06-01T22:22:00","Street Condition","Pothole","QUEENS","Closed"
"69207361","2026-06-01T11:04:35","2026-06-01T11:04:35","Street Condition","Pothole","QUEENS","Closed"
"69207362","2026-06-01T10:12:26","2026-06-01T23:04:00","Street Condition","Pothole","QUEENS","Closed"
"69207363","2026-06-01T09:48:23","2026-06-01T23:22:00","Street Condition","Pothole","QUEENS","Closed"
"69207364","2026-06-01T07:50:18","2026-06-01T23:22:00","Street Condition","Pothole","QUEENS","Closed"
"69207365","2026-06-01T07:20:50","2026-06-01T20:22:00","Street Condition","Pothole","QUEENS","Closed"
"69207376","2026-06-01T09:15:42","2026-06-01T09:15:42","Street Condition","Pothole","BROOKLYN","Closed"
"69207818","2026-06-01T09:04:35","2026-06-12T12:52:00","Street Condition","Pothole","STATEN ISLAND","Closed"
"69208967","2026-06-02T15:07:56","2026-06-02T21:11:00","Street Condition","Pothole","QUEENS","Closed"
"69215234","2026-06-02T12:29:36","2026-06-02T12:29:36","Street Condition","Pothole","QUEENS","Closed"
"69216804","2026-06-02T14:00:43","2026-06-02T20:22:00","Street Condition","Pothole","QUEENS","Closed"
"69216813","2026-06-02T06:37:57","2026-06-02T21:00:00","Street Condition","Pothole","QUEENS","Closed"
"69226638","2026-06-03T11:15:18","2026-06-03T22:55:00","Street Condition","Pothole","QUEENS","Closed"
"69252826","2026-06-05T08:53:32","","Street Condition","Pothole","BROOKLYN","Open"
"69254400","2026-06-05T09:03:46","","Street Condition","Pothole","BROOKLYN","Open"
"69199965","2026-06-01T22:09:03","2026-06-02T02:22:00","Street Condition","Pothole","QUEENS","Closed"
"69204750","2026-06-01T22:59:55","","Street Condition","Pothole","BROOKLYN","Open"
"69204751","2026-06-01T17:08:02","2026-06-02T09:10:00","Street Condition","Pothole","BROOKLYN","Closed"
"69207822","2026-06-01T18:12:02","2026-06-03T13:20:00","Street Condition","Pothole","MANHATTAN","Closed"
"69208970","2026-06-02T14:06:47","2026-06-02T18:11:00","Street Condition","Pothole","QUEENS","Closed"
"69210556","2026-06-02T21:41:56","2026-06-02T21:41:56","Street Condition","Pothole","QUEENS","Closed"
"69213678","2026-06-02T11:56:56","2026-06-02T20:22:00","Street Condition","Pothole","QUEENS","Closed"
"69214162","2026-06-02T08:51:39","2026-06-03T13:05:00","Street Condition","Pothole","MANHATTAN","Closed"
"69214166","2026-06-02T12:41:53","2026-06-03T13:15:00","Street Condition","Pothole","BROOKLYN","Closed"
"69215693","2026-06-02T17:13:41","","Street Condition","Pothole","QUEENS","Open"
"69215701","2026-06-02T17:11:37","","Street Condition","Pothole","BROOKLYN","Open"
"69214165","2026-06-02T17:22:02","","Street Condition","Pothole","BROOKLYN","Open"
"69208977","2026-06-01T15:37:12","2026-06-02T15:00:00","Street Condition","Pothole","BROOKLYN","Closed"
"69209456","2026-06-02T07:59:11","","Street Condition","Pothole","BROOKLYN","Open"
"69208974","2026-06-02T09:44:53","2026-06-02T18:34:00","Street Condition","Pothole","QUEENS","Closed"
"69209470","2026-06-02T19:32:20","","Street Condition","Pothole","BROOKLYN","Open"
"69208971","2026-06-02T13:10:20","2026-06-02T18:11:00","Street Condition","Pothole","QUEENS","Closed"
"69208968","2026-06-01T14:46:36","2026-06-02T09:43:00","Street Condition","Pothole","QUEENS","Closed"
"69208966","2026-06-02T15:21:10","2026-06-02T20:55:00","Street Condition","Pothole","QUEENS","Closed"
"69209473","2026-06-02T09:42:53","","Street Condition","Pothole","BROOKLYN","Open"
"69215238","2026-06-02T10:18:46","2026-06-02T20:22:00","Street Condition","Pothole","QUEENS","Closed"
"69212122","2026-06-03T00:43:08","2026-06-03T23:05:00","Street Condition","Pothole","BROOKLYN","Closed"
"69211025","2026-06-03T00:00:47","2026-06-03T15:32:00","Street Condition","Pothole","QUEENS","Closed"
"69211028","2026-06-02T22:03:30","","Street Condition","Pothole","BROOKLYN","Open"
"69212120","2026-06-02T08:15:22","2026-06-02T20:02:00","Street Condition","Pothole","QUEENS","Closed"
"69215225","2026-06-02T15:14:23","2026-06-02T15:14:23","Street Condition","Pothole","BRONX","Closed"
"69214168","2026-06-02T12:09:04","","Street Condition","Pothole","BROOKLYN","Open"
"69210561","2026-06-02T10:10:42","2026-06-02T23:22:00","Street Condition","Pothole","QUEENS","Closed"
"69215699","2026-06-02T19:36:46","","Street Condition","Pothole","BROOKLYN","Open"
"69212617","2026-06-02T15:15:07","","Street Condition","Pothole","BROOKLYN","Open"
"69215243","2026-06-02T00:36:08","2026-06-03T21:10:00","Street Condition","Pothole","BROOKLYN","Closed"
"69212104","2026-06-02T15:08:29","2026-06-02T15:08:29","Street Condition","Pothole","BRONX","Closed"
"69211031","2026-06-02T12:40:06","","Street Condition","Pothole","BROOKLYN","Open"
"69211030","2026-06-02T19:54:11","","Street Condition","Pothole","BROOKLYN","Open"
"69212113","2026-06-02T13:58:00","2026-06-02T21:22:00","Street Condition","Pothole","QUEENS","Closed"
"69219965","2026-06-01T14:47:02","2026-06-02T09:59:00","Street Condition","Pothole","QUEENS","Closed"
"69218401","2026-06-02T05:43:33","2026-06-02T19:45:00","Street Condition","Pothole","QUEENS","Closed"
"69220475","2026-06-02T16:15:11","","Street Condition","Pothole","BROOKLYN","Open"
"69220477","2026-06-02T12:45:11","","Street Condition","Pothole","BROOKLYN","Open"
"69220470","2026-06-02T18:38:16","","Street Condition","Pothole","QUEENS","Open"
"69218387","2026-06-02T12:29:26","2026-06-02T12:29:26","Street Condition","Pothole","BRONX","Closed"
"69217278","2026-06-02T19:59:01","","Street Condition","Pothole","BROOKLYN","Open"
"69217279","2026-06-02T14:33:44","","Street Condition","Pothole","BROOKLYN","Open"
"69220465","2026-06-02T07:24:45","2026-06-09T10:10:00","Street Condition","Pothole","BRONX","Closed"
"69219969","2026-06-02T09:09:43","2026-06-02T17:45:00","Street Condition","Pothole","QUEENS","Closed"
"69219961","2026-06-02T15:28:41","2026-06-02T15:28:41","Street Condition","Pothole","BRONX","Closed"
"69217281","2026-06-02T12:07:30","","Street Condition","Pothole","BROOKLYN","Open"
"69238305","2026-06-03T11:12:11","2026-07-09T13:08:00","Street Condition","Pothole","BROOKLYN","Closed"
"69249557","2026-06-05T11:09:09","2026-06-15T10:28:00","Street Condition","Pothole","BRONX","Closed"
"69198310","2026-06-01T10:20:49","2026-06-08T13:30:00","Street Condition","Pothole","BRONX","Closed"
"69198311","2026-06-01T07:25:47","2026-06-08T12:20:00","Street Condition","Pothole","BRONX","Closed"
"69199970","2026-06-01T11:19:31","2026-06-08T10:50:00","Street Condition","Pothole","BROOKLYN","Closed"
"69207816","2026-06-01T09:59:13","2026-06-08T09:00:00","Street Condition","Pothole","Unspecified","Closed"
"69207817","2026-06-01T09:53:19","2026-06-08T09:00:00","Street Condition","Pothole","STATEN ISLAND","Closed"
"69214150","2026-06-02T19:11:00","2026-06-08T08:25:00","Street Condition","Pothole","BRONX","Closed"
"69218874","2026-06-02T09:21:52","2026-06-08T10:30:00","Street Condition","Pothole","BRONX","Closed"
"69220464","2026-06-02T15:03:37","2026-06-08T09:38:00","Street Condition","Pothole","BRONX","Closed"
"69221993","2026-06-03T21:45:21","2026-06-04T02:25:00","Street Condition","Pothole","QUEENS","Closed"
"69234301","2026-06-04T15:05:19","2026-06-04T22:22:00","Street Condition","Pothole","QUEENS","Closed"
"69234302","2026-06-04T14:54:51","2026-06-04T20:23:00","Street Condition","Pothole","QUEENS","Closed"
"69234303","2026-06-04T13:43:47","2026-06-04T22:22:00","Street Condition","Pothole","QUEENS","Closed"
"69251131","2026-06-05T15:14:57","2026-06-05T23:05:00","Street Condition","Pothole","QUEENS","Closed"
"69223513","2026-06-03T07:11:23","","Street Condition","Pothole","BRONX","Pending"
"69223521","2026-06-03T17:28:02","2026-06-04T02:44:00","Street Condition","Pothole","QUEENS","Closed"
"69252813","2026-06-05T16:38:21","2026-06-05T23:34:00","Street Condition","Pothole","QUEENS","Closed"
"69226646","2026-06-03T19:54:19","2026-06-08T09:55:00","Street Condition","Pothole","BROOKLYN","Closed"
"69251133","2026-06-05T12:31:36","2026-06-05T23:44:00","Street Condition","Pothole","QUEENS","Closed"
"69228199","2026-06-03T10:49:05","2026-06-08T13:30:00","Street Condition","Pothole","BRONX","Closed"
"69251135","2026-06-05T09:51:23","2026-06-05T21:23:00","Street Condition","Pothole","QUEENS","Closed"
"69251136","2026-06-05T09:09:48","2026-06-05T21:22:00","Street Condition","Pothole","QUEENS","Closed"
"69251137","2026-06-05T09:08:11","2026-06-05T20:22:00","Street Condition","Pothole","QUEENS","Closed"
"69251139","2026-06-05T18:57:49","","Street Condition","Pothole","MANHATTAN","Pending"
"69229713","2026-06-03T08:38:41","2026-06-08T11:17:00","Street Condition","Pothole","QUEENS","Closed"
"69229725","2026-06-03T19:11:08","2026-06-05T02:25:00","Street Condition","Pothole","QUEENS","Closed"
"69254398","2026-06-05T13:10:20","2026-06-08T09:45:00","Street Condition","Pothole","BROOKLYN","Closed"
"69231297","2026-06-03T18:06:05","2026-06-04T03:35:00","Street Condition","Pothole","QUEENS","Closed"
"69231298","2026-06-03T17:54:41","2026-06-05T01:11:00","Street Condition","Pothole","QUEENS","Closed"
"69241733","2026-06-04T19:05:02","2026-06-09T22:51:00","Street Condition","Pothole","STATEN ISLAND","Closed"
"69232828","2026-06-03T20:16:35","2026-06-05T01:12:00","Street Condition","Pothole","QUEENS","Closed"
"69232829","2026-06-03T18:08:06","2026-06-04T02:54:00","Street Condition","Pothole","QUEENS","Closed"
"69234299","2026-06-04T15:41:22","2026-06-04T20:22:00","Street Condition","Pothole","QUEENS","Closed"
"69234293","2026-06-04T22:29:03","2026-06-04T23:21:00","Street Condition","Pothole","QUEENS","Closed"
"69234294","2026-06-04T21:45:28","2026-06-04T23:23:00","Street Condition","Pothole","QUEENS","Closed"
"69234295","2026-06-04T20:18:21","2026-06-04T23:22:00","Street Condition","Pothole","QUEENS","Closed"
"69234298","2026-06-04T16:00:30","2026-06-04T23:21:00","Street Condition","Pothole","QUEENS","Closed"
"69235815","2026-06-04T22:51:38","2026-06-04T23:22:00","Street Condition","Pothole","QUEENS","Closed"
"69235817","2026-06-04T19:11:15","2026-06-04T23:22:00","Street Condition","Pothole","QUEENS","Closed"
"69235819","2026-06-04T15:19:23","2026-06-08T10:58:00","Street Condition","Pothole","QUEENS","Closed"
"69237281","2026-06-04T15:53:40","2026-06-04T20:22:00","Street Condition","Pothole","QUEENS","Closed"
"69237283","2026-06-04T20:16:59","2026-06-08T11:50:00","Street Condition","Pothole","BROOKLYN","Closed"
"69238744","2026-06-04T18:28:41","2026-06-04T22:22:00","Street Condition","Pothole","QUEENS","Closed"
"69238745","2026-06-04T17:16:20","2026-06-08T09:50:00","Street Condition","Pothole","QUEENS","Closed"
"69238747","2026-06-04T16:16:22","2026-06-04T21:55:00","Street Condition","Pothole","QUEENS","Closed"
"69238748","2026-06-04T15:14:49","2026-06-04T21:45:00","Street Condition","Pothole","QUEENS","Closed"
"69238749","2026-06-04T15:11:35","2026-06-04T21:22:00","Street Condition","Pothole","QUEENS","Closed"
"69238753","2026-06-04T19:15:50","2026-06-08T13:20:00","Street Condition","Pothole","BROOKLYN","Closed"
"69240255","2026-06-05T00:26:08","2026-06-08T10:08:00","Street Condition","Pothole","QUEENS","Closed"
"69240257","2026-06-04T20:43:38","2026-06-04T23:05:00","Street Condition","Pothole","QUEENS","Closed"
"69240259","2026-06-04T17:54:22","2026-06-04T21:22:00","Street Condition","Pothole","QUEENS","Closed"
"69240260","2026-06-04T16:54:59","2026-06-08T13:04:00","Street Condition","Pothole","QUEENS","Closed"
"69241741","2026-06-04T13:42:36","2026-06-05T20:22:00","Street Condition","Pothole","QUEENS","Closed"
"69241736","2026-06-05T00:29:05","2026-06-05T20:02:00","Street Condition","Pothole","QUEENS","Closed"
"69241740","2026-06-04T14:02:47","2026-06-04T21:56:00","Street Condition","Pothole","QUEENS","Closed"
"69243245","2026-06-04T22:10:24","2026-06-04T23:11:00","Street Condition","Pothole","QUEENS","Closed"
"69243246","2026-06-04T21:27:56","2026-06-04T23:23:00","Street Condition","Pothole","QUEENS","Closed"
"69243247","2026-06-04T20:20:24","2026-06-04T23:00:00","Street Condition","Pothole","QUEENS","Closed"
"69243248","2026-06-04T16:49:56","2026-06-04T23:22:00","Street Condition","Pothole","QUEENS","Closed"
"69243250","2026-06-04T15:53:55","2026-06-04T23:22:00","Street Condition","Pothole","QUEENS","Closed"
"69243251","2026-06-04T13:41:35","2026-06-04T22:44:00","Street Condition","Pothole","QUEENS","Closed"
"69243253","2026-06-04T08:36:20","2026-06-04T22:22:00","Street Condition","Pothole","QUEENS","Closed"
"69244768","2026-06-04T20:16:27","2026-06-04T23:00:00","Street Condition","Pothole","QUEENS","Closed"
"69244771","2026-06-04T16:34:21","2026-06-08T09:18:00","Street Condition","Pothole","QUEENS","Closed"
"69244772","2026-06-04T15:12:17","2026-06-04T22:24:00","Street Condition","Pothole","QUEENS","Closed"
"69244765","2026-06-04T23:20:11","2026-06-08T10:37:00","Street Condition","Pothole","QUEENS","Closed"
"69244766","2026-06-04T23:01:31","2026-06-08T08:30:00","Street Condition","Pothole","QUEENS","Closed"
"69244767","2026-06-04T22:40:53","2026-06-04T23:22:00","Street Condition","Pothole","QUEENS","Closed"
"69246320","2026-06-05T20:54:14","2026-06-05T21:22:00","Street Condition","Pothole","QUEENS","Closed"
"69246323","2026-06-05T11:03:12","2026-06-05T21:34:00","Street Condition","Pothole","QUEENS","Closed"
"69246324","2026-06-05T09:01:34","2026-06-05T20:22:00","Street Condition","Pothole","QUEENS","Closed"
"69246328","2026-06-05T07:58:30","2026-06-05T22:45:00","Street Condition","Pothole","BROOKLYN","Closed"
"69247960","2026-06-05T07:22:37","2026-06-05T20:22:00","Street Condition","Pothole","QUEENS","Closed"
"69247961","2026-06-05T03:36:40","2026-06-05T23:22:00","Street Condition","Pothole","QUEENS","Closed"
"69247962","2026-06-05T20:40:00","2026-06-08T09:45:00","Street Condition","Pothole","MANHATTAN","Closed"
"69247963","2026-06-05T10:30:12","2026-06-08T12:55:00","Street Condition","Pothole","MANHATTAN","Closed"
"69247964","2026-06-05T09:02:37","2026-06-08T08:10:00","Street Condition","Pothole","MANHATTAN","Closed"
"69247965","2026-06-05T06:49:24","2026-06-08T09:00:00","Street Condition","Pothole","MANHATTAN","Closed"
"69247966","2026-06-05T09:47:28","2026-06-08T12:53:00","Street Condition","Pothole","BROOKLYN","Closed"
"69247956","2026-06-05T12:06:55","2026-06-09T02:24:00","Street Condition","Pothole","QUEENS","Closed"
"69249566","2026-06-05T13:16:55","2026-06-05T23:22:00","Street Condition","Pothole","QUEENS","Closed"
"69249567","2026-06-05T11:33:54","2026-06-05T21:34:00","Street Condition","Pothole","QUEENS","Closed"
"69249569","2026-06-05T10:11:50","2026-06-05T23:21:00","Street Condition","Pothole","QUEENS","Closed"
"69249571","2026-06-05T07:56:24","2026-06-05T21:22:00","Street Condition","Pothole","QUEENS","Closed"
"69249572","2026-06-05T16:08:41","2026-06-08T11:15:00","Street Condition","Pothole","MANHATTAN","Closed"
"69251128","2026-06-05T17:07:55","2026-06-05T23:45:00","Street Condition","Pothole","QUEENS","Closed"
"69251125","2026-06-05T09:33:27","2026-06-08T12:20:00","Street Condition","Pothole","BRONX","Closed"
"69251130","2026-06-05T15:24:21","2026-06-05T23:21:00","Street Condition","Pothole","QUEENS","Closed"
"69251140","2026-06-05T09:06:03","2026-06-08T11:40:00","Street Condition","Pothole","MANHATTAN","Closed"
"69251142","2026-06-05T10:52:08","2026-06-06T01:01:00","Street Condition","Pothole","BROOKLYN","Closed"
"69252820","2026-06-05T09:40:33","2026-06-08T12:39:00","Street Condition","Pothole","QUEENS","Closed"
"69252822","2026-06-05T16:28:43","2026-06-08T09:15:00","Street Condition","Pothole","MANHATTAN","Closed"
"69252823","2026-06-05T14:55:08","2026-06-08T12:25:00","Street Condition","Pothole","MANHATTAN","Closed"
"69252824","2026-06-05T10:41:47","2026-06-08T07:40:00","Street Condition","Pothole","MANHATTAN","Closed"
"69252825","2026-06-05T15:35:54","2026-06-05T23:45:00","Street Condition","Pothole","BROOKLYN","Closed"
"69254386","2026-06-05T17:44:54","2026-06-08T08:55:00","Street Condition","Pothole","QUEENS","Closed"
"69254387","2026-06-05T15:35:34","2026-06-05T20:22:00","Street Condition","Pothole","QUEENS","Closed"
"69254388","2026-06-05T15:22:56","2026-06-05T23:22:00","Street Condition","Pothole","QUEENS","Closed"
"69254390","2026-06-05T12:31:11","2026-06-05T20:22:00","Street Condition","Pothole","QUEENS","Closed"
"69254391","2026-06-05T09:57:44","2026-06-05T20:02:00","Street Condition","Pothole","QUEENS","Closed"
"69256023","2026-06-05T08:41:14","2026-06-05T23:32:00","Street Condition","Pothole","QUEENS","Closed"
"69256011","2026-06-05T18:43:27","2026-06-05T20:22:00","Street Condition","Pothole","QUEENS","Closed"
"69256012","2026-06-05T17:14:44","2026-06-05T20:22:00","Street Condition","Pothole","QUEENS","Closed"
"69256013","2026-06-05T16:05:16","2026-06-05T23:54:00","Street Condition","Pothole","QUEENS","Closed"
"69256015","2026-06-05T15:37:52","2026-06-05T21:22:00","Street Condition","Pothole","QUEENS","Closed"
"69256019","2026-06-05T11:31:09","2026-06-05T23:22:00","Street Condition","Pothole","QUEENS","Closed"
"69256020","2026-06-05T11:04:19","2026-06-08T08:50:00","Street Condition","Pothole","QUEENS","Closed"
"69256021","2026-06-03T09:14:26","2026-06-04T09:54:00","Street Condition","Pothole","QUEENS","Closed"
"69256022","2026-06-05T09:14:15","2026-06-08T09:30:00","Street Condition","Pothole","QUEENS","Closed"
"69256024","2026-06-05T07:53:20","2026-06-05T21:34:00","Street Condition","Pothole","QUEENS","Closed"
"69256025","2026-06-05T07:21:17","2026-06-08T12:35:00","Street Condition","Pothole","QUEENS","Closed"
"69256027","2026-06-05T17:45:28","2026-06-08T10:08:00","Street Condition","Pothole","BROOKLYN","Closed"
"69256028","2026-06-05T13:07:38","2026-06-08T09:15:00","Street Condition","Pothole","BROOKLYN","Closed"
"69256029","2026-06-05T09:43:07","2026-06-08T11:03:00","Street Condition","Pothole","BROOKLYN","Closed"
"69257659","2026-06-05T18:07:56","2026-06-05T23:22:00","Street Condition","Pothole","QUEENS","Closed"
"69257660","2026-06-05T17:10:24","2026-06-05T20:22:00","Street Condition","Pothole","QUEENS","Closed"
"69257661","2026-06-05T16:32:12","2026-06-05T23:05:00","Street Condition","Pothole","QUEENS","Closed"
"69257667","2026-06-05T08:55:21","2026-06-05T22:22:00","Street Condition","Pothole","QUEENS","Closed"
"69257669","2026-06-05T08:38:08","2026-06-05T23:01:00","Street Condition","Pothole","BROOKLYN","Closed"
"69257666","2026-06-05T09:49:04","2026-06-07T01:10:00","Street Condition","Pothole","QUEENS","Closed"
"69281944","2026-06-04T01:33:23","2026-06-05T18:50:00","Street Condition","Pothole","MANHATTAN","Closed"
"69281945","2026-06-07T01:18:24","2026-06-08T20:17:00","Street Condition","Pothole","BROOKLYN","Closed"
"69281946","2026-06-07T01:16:53","2026-06-08T19:37:00","Street Condition","Pothole","BROOKLYN","Closed"
"69281947","2026-06-07T15:34:02","2026-06-08T12:40:00","Street Condition","Pothole","BROOKLYN","Closed"
"69281948","2026-06-07T15:06:14","2026-06-08T09:47:00","Street Condition","Pothole","BROOKLYN","Closed"
"69281949","2026-06-07T14:52:09","2026-06-08T13:30:00","Street Condition","Pothole","BROOKLYN","Closed"
"69281950","2026-06-07T14:39:50","2026-06-08T11:10:00","Street Condition","Pothole","BROOKLYN","Closed"
"69281952","2026-06-04T07:28:49","2026-06-05T21:50:00","Street Condition","Pothole","BROOKLYN","Closed"
"69281953","2026-06-06T17:07:43","2026-06-08T13:44:00","Street Condition","Pothole","BROOKLYN","Closed"
"69281954","2026-06-06T09:47:20","2026-06-08T11:20:00","Street Condition","Pothole","BROOKLYN","Closed"
"69281955","2026-06-06T00:27:44","2026-06-08T12:10:00","Street Condition","Pothole","BROOKLYN","Closed"
"69283626","2026-06-07T08:26:09","2026-06-07T08:26:09","Street Condition","Pothole","BROOKLYN","Closed"
"69283627","2026-06-06T08:04:08","2026-06-08T10:47:00","Street Condition","Pothole","BROOKLYN","Closed"
"69283625","2026-06-07T14:35:03","2026-06-08T09:39:00","Street Condition","Pothole","BROOKLYN","Closed"
"69283622","2026-06-06T10:42:05","2026-06-06T10:42:05","Street Condition","Pothole","MANHATTAN","Closed"
"69283628","2026-06-04T01:39:18","2026-06-05T21:50:00","Street Condition","Pothole","BROOKLYN","Closed"
"69283629","2026-06-07T09:42:54","2026-06-07T09:42:54","Street Condition","Pothole","BRONX","Closed"
"69283632","2026-06-07T15:17:17","2026-06-08T10:12:00","Street Condition","Pothole","QUEENS","Closed"
"69283641","2026-06-07T16:56:07","2026-06-07T16:56:07","Street Condition","Pothole","QUEENS","Closed"
"69283642","2026-06-06T13:56:56","2026-06-06T22:23:00","Street Condition","Pothole","QUEENS","Closed"
"69283643","2026-06-07T00:35:49","2026-06-08T22:43:00","Street Condition","Pothole","MANHATTAN","Closed"
"69285198","2026-06-05T14:12:28","2026-06-06T09:28:00","Street Condition","Pothole","MANHATTAN","Closed"
"69285197","2026-06-05T14:16:02","2026-06-06T09:48:00","Street Condition","Pothole","MANHATTAN","Closed"
"69285199","2026-06-05T14:10:43","2026-06-06T09:06:00","Street Condition","Pothole","MANHATTAN","Closed"
"69285200","2026-06-05T01:27:21","2026-06-05T17:00:00","Street Condition","Pothole","MANHATTAN","Closed"
"69285202","2026-06-07T01:12:58","2026-06-08T16:30:00","Street Condition","Pothole","BROOKLYN","Closed"
"69285204","2026-06-07T14:41:42","2026-06-08T11:23:00","Street Condition","Pothole","BROOKLYN","Closed"
"69285205","2026-06-04T07:07:26","2026-06-06T00:49:00","Street Condition","Pothole","BROOKLYN","Closed"
"69285207","2026-06-07T17:08:32","2026-06-08T13:46:00","Street Condition","Pothole","BROOKLYN","Closed"
"69285208","2026-06-07T17:08:11","2026-06-08T10:48:00","Street Condition","Pothole","BROOKLYN","Closed"
"69285209","2026-06-04T01:40:35","2026-06-05T22:25:00","Street Condition","Pothole","BROOKLYN","Closed"
"69285211","2026-06-06T18:00:00","2026-06-06T18:00:00","Street Condition","Pothole","BRONX","Closed"
"69285226","2026-06-07T21:00:26","2026-06-07T21:00:26","Street Condition","Pothole","QUEENS","Closed"
"69285227","2026-06-07T16:55:36","2026-06-07T16:55:36","Street Condition","Pothole","QUEENS","Closed"
"69285228","2026-06-07T15:21:12","2026-06-07T15:21:12","Street Condition","Pothole","QUEENS","Closed"
"69285230","2026-06-07T07:31:16","2026-06-07T07:31:16","Street Condition","Pothole","QUEENS","Closed"
"69285231","2026-06-06T16:38:41","2026-06-06T23:22:00","Street Condition","Pothole","QUEENS","Closed"
"69285232","2026-06-05T14:19:18","2026-06-06T12:48:00","Street Condition","Pothole","QUEENS","Closed"
"69286910","2026-06-07T01:26:53","2026-06-08T23:17:00","Street Condition","Pothole","BROOKLYN","Closed"
"69286911","2026-06-07T14:51:07","2026-06-08T12:45:00","Street Condition","Pothole","BROOKLYN","Closed"
"69286912","2026-06-07T14:35:38","2026-06-08T11:00:00","Street Condition","Pothole","BROOKLYN","Closed"
"69286913","2026-06-07T14:30:36","2026-06-08T08:47:00","Street Condition","Pothole","BROOKLYN","Closed"
"69286914","2026-06-06T09:42:55","2026-06-08T10:30:00","Street Condition","Pothole","BROOKLYN","Closed"
"69286916","2026-06-04T01:37:05","2026-06-05T21:00:00","Street Condition","Pothole","BROOKLYN","Closed"
"69286934","2026-06-07T19:46:57","2026-06-07T19:46:57","Street Condition","Pothole","QUEENS","Closed"
"69286935","2026-06-05T14:17:46","2026-06-06T12:48:00","Street Condition","Pothole","QUEENS","Closed"
"69286936","2026-06-07T00:39:01","2026-06-08T23:20:00","Street Condition","Pothole","MANHATTAN","Closed"
"69287382","2026-06-06T11:56:08","2026-06-09T08:40:00","Street Condition","Pothole","BROOKLYN","Closed"
"69287396","2026-06-07T11:00:24","2026-06-07T21:22:00","Street Condition","Pothole","QUEENS","Closed"
"69291903","2026-06-06T22:30:27","2026-06-07T18:50:00","Street Condition","Pothole","BROOKLYN","Closed"
"69291904","2026-06-07T15:17:06","2026-06-08T13:25:00","Street Condition","Pothole","BROOKLYN","Closed"
"69291905","2026-06-06T14:52:43","2026-06-07T12:45:00","Street Condition","Pothole","BROOKLYN","Closed"
"69291906","2026-06-06T20:01:02","2026-06-08T10:20:00","Street Condition","Pothole","BROOKLYN","Closed"
"69288607","2026-06-07T19:46:34","2026-06-07T19:46:34","Street Condition","Pothole","QUEENS","Closed"
"69288576","2026-06-05T13:50:28","2026-06-06T09:38:00","Street Condition","Pothole","MANHATTAN","Closed"
"69288577","2026-06-07T15:46:14","2026-06-08T12:10:00","Street Condition","Pothole","BROOKLYN","Closed"
"69288578","2026-06-07T14:33:16","2026-06-08T09:02:00","Street Condition","Pothole","BROOKLYN","Closed"
"69288579","2026-06-06T22:32:36","2026-06-07T21:40:00","Street Condition","Pothole","BROOKLYN","Closed"
"69288580","2026-06-06T15:05:29","2026-06-07T13:58:00","Street Condition","Pothole","BROOKLYN","Closed"
"69288582","2026-06-06T17:53:18","2026-06-08T11:05:00","Street Condition","Pothole","BROOKLYN","Closed"
"69288583","2026-06-06T11:07:06","2026-06-06T11:07:06","Street Condition","Pothole","BROOKLYN","Closed"
"69288584","2026-06-06T07:33:32","2026-06-08T10:58:00","Street Condition","Pothole","BROOKLYN","Closed"
"69288585","2026-06-04T01:42:03","2026-06-05T22:45:00","Street Condition","Pothole","BROOKLYN","Closed"
"69288609","2026-06-07T14:32:23","2026-06-07T14:32:23","Street Condition","Pothole","QUEENS","Closed"
"69288586","2026-06-04T01:38:01","2026-06-08T11:40:00","Street Condition","Pothole","BROOKLYN","Closed"
"69288587","2026-06-07T16:50:49","2026-06-08T11:00:00","Street Condition","Pothole","BRONX","Closed"
"69288606","2026-06-07T19:47:30","2026-06-07T19:47:30","Street Condition","Pothole","QUEENS","Closed"
"69288610","2026-06-06T11:55:33","2026-06-06T11:55:33","Street Condition","Pothole","QUEENS","Closed"
"69288611","2026-06-06T08:46:31","2026-06-06T23:22:00","Street Condition","Pothole","QUEENS","Closed"
"69288613","2026-06-07T00:29:25","2026-06-08T21:20:00","Street Condition","Pothole","MANHATTAN","Closed"
"69289076","2026-06-07T14:40:01","2026-06-09T22:22:00","Street Condition","Pothole","QUEENS","Closed"
"69290185","2026-06-07T09:55:45","2026-06-08T12:00:00","Street Condition","Pothole","MANHATTAN","Closed"
"69290186","2026-06-06T10:55:25","2026-06-08T08:25:00","Street Condition","Pothole","MANHATTAN","Closed"
"69290187","2026-06-04T01:29:32","2026-06-05T17:45:00","Street Condition","Pothole","MANHATTAN","Closed"
"69290188","2026-06-07T01:27:40","2026-06-08T23:37:00","Street Condition","Pothole","BROOKLYN","Closed"
"69290190","2026-06-07T01:14:52","2026-06-08T18:46:00","Street Condition","Pothole","BROOKLYN","Closed"
"69290191","2026-06-07T15:42:11","2026-06-08T14:02:00","Street Condition","Pothole","BROOKLYN","Closed"
"69290192","2026-06-07T14:32:31","2026-06-08T08:32:00","Street Condition","Pothole","BROOKLYN","Closed"
"69290198","2026-06-06T17:05:10","2026-06-08T14:25:00","Street Condition","Pothole","BROOKLYN","Closed"
"69290193","2026-06-07T14:29:24","2026-06-08T08:25:00","Street Condition","Pothole","BROOKLYN","Closed"
"69290194","2026-06-07T14:28:25","2026-06-08T08:15:00","Street Condition","Pothole","BROOKLYN","Closed"
"69290195","2026-06-04T07:06:47","2026-06-06T00:14:00","Street Condition","Pothole","BROOKLYN","Closed"
"69290196","2026-06-06T15:02:25","2026-06-07T13:10:00","Street Condition","Pothole","BROOKLYN","Closed"
"69290197","2026-06-06T14:54:59","2026-06-07T12:56:00","Street Condition","Pothole","BROOKLYN","Closed"
"69290199","2026-06-07T07:14:51","2026-06-07T07:14:51","Street Condition","Pothole","BRONX","Closed"
"69290200","2026-06-07T07:00:00","2026-06-08T07:45:00","Street Condition","Pothole","STATEN ISLAND","Closed"
"69290209","2026-06-06T14:34:15","2026-06-07T10:15:00","Street Condition","Pothole","QUEENS","Closed"
"69290211","2026-06-06T14:29:59","2026-06-07T09:22:00","Street Condition","Pothole","QUEENS","Closed"
"69290212","2026-06-06T14:16:25","2026-06-06T23:22:00","Street Condition","Pothole","QUEENS","Closed"
"69290213","2026-06-07T00:25:09","2026-06-08T17:21:00","Street Condition","Pothole","MANHATTAN","Closed"
"69290215","2026-06-07T23:00:26","2026-06-07T23:00:26","Street Condition","Pothole","MANHATTAN","Closed"
"69290676","2026-06-06T15:19:54","2026-06-15T10:54:00","Street Condition","Pothole","BRONX","Closed"
"69290675","2026-06-07T15:39:05","2026-06-09T11:45:00","Street Condition","Pothole","BRONX","Closed"
"69291898","2026-06-07T01:14:16","2026-06-08T17:30:00","Street Condition","Pothole","BROOKLYN","Closed"
"69291899","2026-06-07T14:53:21","2026-06-08T11:20:00","Street Condition","Pothole","BROOKLYN","Closed"
"69291900","2026-06-07T14:51:47","2026-06-08T13:05:00","Street Condition","Pothole","BROOKLYN","Closed"
"69291901","2026-06-07T14:34:30","2026-06-08T09:27:00","Street Condition","Pothole","BROOKLYN","Closed"
"69291902","2026-06-06T22:31:35","2026-06-07T20:50:00","Street Condition","Pothole","BROOKLYN","Closed"
"69291907","2026-06-04T01:43:20","2026-06-06T00:10:00","Street Condition","Pothole","BROOKLYN","Closed"
"69291908","2026-06-04T01:35:48","2026-06-05T20:40:00","Street Condition","Pothole","BROOKLYN","Closed"
"69291927","2026-06-07T23:23:28","2026-06-07T23:23:28","Street Condition","Pothole","QUEENS","Closed"
"69291928","2026-06-07T19:49:32","2026-06-07T19:49:32","Street Condition","Pothole","QUEENS","Closed"
"69291929","2026-06-07T18:10:46","2026-06-07T18:10:46","Street Condition","Pothole","QUEENS","Closed"
"69291931","2026-06-06T16:09:52","2026-06-06T16:09:52","Street Condition","Pothole","QUEENS","Closed"
"69291932","2026-06-06T16:08:57","2026-06-06T23:22:00","Street Condition","Pothole","QUEENS","Closed"
"69291933","2026-06-05T14:06:53","2026-06-06T12:48:00","Street Condition","Pothole","QUEENS","Closed"
"69291934","2026-06-06T12:22:18","2026-06-06T12:48:00","Street Condition","Pothole","QUEENS","Closed"
"69291935","2026-06-07T00:33:36","2026-06-08T22:18:00","Street Condition","Pothole","MANHATTAN","Closed"
"69291936","2026-06-07T00:31:24","2026-06-08T22:05:00","Street Condition","Pothole","MANHATTAN","Closed"
"69291938","2026-06-07T21:31:07","2026-06-07T21:31:07","Street Condition","Pothole","MANHATTAN","Closed"
"69292430","2026-06-06T16:07:25","","Street Condition","Pothole","MANHATTAN","Pending"
"69293642","2026-06-05T13:48:28","2026-06-06T09:28:00","Street Condition","Pothole","MANHATTAN","Closed"
"69293643","2026-06-07T01:29:36","2026-06-09T00:25:00","Street Condition","Pothole","BROOKLYN","Closed"
"69293644","2026-06-07T01:19:21","2026-06-08T22:31:00","Street Condition","Pothole","BROOKLYN","Closed"
"69293645","2026-06-07T15:05:33","2026-06-08T13:29:00","Street Condition","Pothole","BROOKLYN","Closed"
"69293646","2026-06-06T22:29:14","2026-06-07T16:50:00","Street Condition","Pothole","BROOKLYN","Closed"
"69293647","2026-06-07T14:32:27","2026-06-07T14:32:27","Street Condition","Pothole","BROOKLYN","Closed"
"69293649","2026-06-06T10:22:14","2026-06-08T11:55:00","Street Condition","Pothole","BROOKLYN","Closed"
"69293651","2026-06-07T15:56:01","2026-06-07T15:56:01","Street Condition","Pothole","BRONX","Closed"
"69293664","2026-06-07T19:00:26","2026-06-07T19:00:26","Street Condition","Pothole","QUEENS","Closed"
"69293666","2026-06-06T14:48:33","2026-06-07T09:34:00","Street Condition","Pothole","QUEENS","Closed"
"69293667","2026-06-07T11:00:50","2026-06-07T11:00:50","Street Condition","Pothole","QUEENS","Closed"
"69294121","2026-06-07T11:14:35","2026-06-12T21:10:00","Street Condition","Pothole","STATEN ISLAND","Closed"
"69211020","2026-06-02T14:39:22","2026-06-10T09:38:00","Street Condition","Pothole","BRONX","Closed"
"69211021","2026-06-02T14:34:44","2026-06-10T10:20:00","Street Condition","Pothole","BRONX","Closed"
"69196774","2026-06-01T22:02:09","2026-06-02T09:10:00","Street Condition","Pothole","MANHATTAN","Closed"
"69196776","2026-06-01T09:58:51","2026-06-03T12:35:00","Street Condition","Pothole","MANHATTAN","Closed"
"69198314","2026-06-01T22:17:59","2026-06-02T03:33:00","Street Condition","Pothole","QUEENS","Closed"
"69208964","2026-06-02T13:44:59","2026-06-02T13:44:59","Street Condition","Pothole","BRONX","Closed"
"69208965","2026-06-02T18:55:17","2026-06-02T18:55:17","Street Condition","Pothole","QUEENS","Closed"
"69208979","2026-06-01T14:53:40","2026-06-02T10:00:00","Street Condition","Pothole","BROOKLYN","Closed"
"69201538","2026-06-01T22:25:45","2026-06-02T01:23:00","Street Condition","Pothole","QUEENS","Closed"
"69201539","2026-06-01T22:18:29","2026-06-02T03:23:00","Street Condition","Pothole","QUEENS","Closed"
"69201540","2026-06-01T16:42:22","2026-06-02T09:35:00","Street Condition","Pothole","BROOKLYN","Closed"
"69203168","2026-06-01T22:24:23","2026-06-02T01:10:00","Street Condition","Pothole","QUEENS","Closed"
"69203170","2026-06-01T16:57:59","2026-06-02T09:40:00","Street Condition","Pothole","MANHATTAN","Closed"
"69203171","2026-06-01T14:11:24","2026-06-02T12:30:00","Street Condition","Pothole","MANHATTAN","Closed"
"69203175","2026-06-01T07:03:10","2026-06-02T14:25:00","Street Condition","Pothole","BROOKLYN","Closed"
"69204742","2026-06-01T22:31:50","2026-06-02T02:22:00","Street Condition","Pothole","QUEENS","Closed"
"69204743","2026-06-01T22:07:14","2026-06-02T01:11:00","Street Condition","Pothole","QUEENS","Closed"
"69204744","2026-06-01T20:20:47","2026-06-01T22:24:00","Street Condition","Pothole","QUEENS","Closed"
"69204745","2026-06-01T13:25:56","2026-06-01T20:33:00","Street Condition","Pothole","QUEENS","Closed"
"69204746","2026-06-01T09:29:03","2026-06-02T02:23:00","Street Condition","Pothole","QUEENS","Closed"
"69204747","2026-06-01T08:30:22","2026-06-01T22:22:00","Street Condition","Pothole","QUEENS","Closed"
"69204749","2026-06-01T11:25:53","2026-06-02T10:45:00","Street Condition","Pothole","MANHATTAN","Closed"
"69204748","2026-06-01T12:05:36","2026-06-03T10:20:00","Street Condition","Pothole","MANHATTAN","Closed"
"69206285","2026-06-01T22:20:29","2026-06-02T02:22:00","Street Condition","Pothole","QUEENS","Closed"
"69206286","2026-06-01T21:27:02","2026-06-02T00:06:00","Street Condition","Pothole","QUEENS","Closed"
"69206289","2026-06-01T08:02:04","2026-06-01T20:22:00","Street Condition","Pothole","QUEENS","Closed"
"69206293","2026-06-01T07:47:59","2026-06-02T14:05:00","Street Condition","Pothole","BROOKLYN","Closed"
"69206290","2026-06-01T13:51:20","2026-06-03T06:55:00","Street Condition","Pothole","MANHATTAN","Closed"
"69207820","2026-06-01T11:22:08","2026-06-01T20:22:00","Street Condition","Pothole","QUEENS","Closed"
"69207821","2026-06-01T08:13:05","2026-06-01T21:22:00","Street Condition","Pothole","QUEENS","Closed"
"69212124","2026-06-01T15:31:03","2026-06-02T12:08:00","Street Condition","Pothole","BROOKLYN","Closed"
"69208969","2026-06-02T14:39:30","2026-06-02T20:02:00","Street Condition","Pothole","QUEENS","Closed"
"69208972","2026-06-02T11:05:03","2026-06-02T20:22:00","Street Condition","Pothole","QUEENS","Closed"
"69208973","2026-06-02T10:04:42","2026-06-02T15:58:00","Street Condition","Pothole","QUEENS","Closed"
"69208975","2026-06-02T00:21:38","2026-06-03T17:10:00","Street Condition","Pothole","MANHATTAN","Closed"
"69208976","2026-06-01T16:55:28","2026-06-02T14:25:00","Street Condition","Pothole","BROOKLYN","Closed"
"69208978","2026-06-01T15:34:35","2026-06-02T14:35:00","Street Condition","Pothole","BROOKLYN","Closed"
"69208980","2026-06-01T14:49:28","2026-06-02T12:35:00","Street Condition","Pothole","BROOKLYN","Closed"
"69208981","2026-06-01T14:40:15","2026-06-02T13:15:00","Street Condition","Pothole","BROOKLYN","Closed"
"69208982","2026-06-01T14:39:36","2026-06-02T12:45:00","Street Condition","Pothole","BROOKLYN","Closed"
"69213672","2026-06-02T18:25:05","2026-06-02T18:25:05","Street Condition","Pothole","QUEENS","Closed"
"69213673","2026-06-01T15:28:13","2026-06-02T13:10:00","Street Condition","Pothole","QUEENS","Closed"
"69213674","2026-06-01T15:24:45","2026-06-02T11:24:00","Street Condition","Pothole","QUEENS","Closed"
"69213675","2026-06-02T15:01:41","2026-06-02T20:05:00","Street Condition","Pothole","QUEENS","Closed"
"69209457","2026-06-02T12:18:57","2026-06-10T13:40:00","Street Condition","Pothole","BRONX","Closed"
"69213676","2026-06-02T14:28:49","2026-06-02T16:34:00","Street Condition","Pothole","QUEENS","Closed"
"69210557","2026-06-02T15:12:03","2026-06-02T20:05:00","Street Condition","Pothole","QUEENS","Closed"
"69210558","2026-06-02T14:02:06","2026-06-02T21:22:00","Street Condition","Pothole","QUEENS","Closed"
"69210559","2026-06-02T12:28:33","2026-06-02T21:12:00","Street Condition","Pothole","QUEENS","Closed"
"69210562","2026-06-02T09:41:54","2026-06-02T09:41:54","Street Condition","Pothole","QUEENS","Closed"
"69210563","2026-06-02T07:39:08","2026-06-02T20:05:00","Street Condition","Pothole","QUEENS","Closed"
"69210564","2026-06-02T05:38:51","2026-06-02T19:11:00","Street Condition","Pothole","QUEENS","Closed"
"69210565","2026-06-02T19:51:44","2026-06-02T19:51:44","Street Condition","Pothole","MANHATTAN","Closed"
"69210566","2026-06-01T15:13:15","2026-06-02T07:35:00","Street Condition","Pothole","MANHATTAN","Closed"
"69210567","2026-06-01T15:31:46","2026-06-02T12:17:00","Street Condition","Pothole","BROOKLYN","Closed"
"69213677","2026-06-01T14:25:13","2026-06-02T09:05:00","Street Condition","Pothole","QUEENS","Closed"
"69213679","2026-06-02T11:05:26","2026-06-02T23:22:00","Street Condition","Pothole","QUEENS","Closed"
"69213680","2026-06-02T09:23:05","2026-06-02T16:25:00","Street Condition","Pothole","QUEENS","Closed"
"69213681","2026-06-02T08:23:10","2026-06-02T20:22:00","Street Condition","Pothole","QUEENS","Closed"
"69213682","2026-06-02T00:26:19","2026-06-03T17:50:00","Street Condition","Pothole","MANHATTAN","Closed"
"69213683","2026-06-01T00:18:38","2026-06-02T18:00:00","Street Condition","Pothole","BROOKLYN","Closed"
"69197875","2026-06-01T12:08:50","2026-06-01T23:22:00","Street Condition","Pothole","QUEENS","Closed"
"69198317","2026-06-01T13:04:48","2026-06-03T12:50:00","Street Condition","Pothole","BROOKLYN","Closed"
"69212119","2026-06-02T10:03:12","2026-06-02T23:22:00","Street Condition","Pothole","QUEENS","Closed"
"69212121","2026-06-02T03:43:01","2026-06-02T19:12:00","Street Condition","Pothole","QUEENS","Closed"
"69212105","2026-06-01T15:27:33","2026-06-02T12:58:00","Street Condition","Pothole","QUEENS","Closed"
"69212123","2026-06-01T15:35:29","2026-06-02T14:42:00","Street Condition","Pothole","BROOKLYN","Closed"
"69212106","2026-06-01T15:26:11","2026-06-02T12:31:00","Street Condition","Pothole","QUEENS","Closed"
"69212107","2026-06-01T15:20:16","2026-06-02T10:46:00","Street Condition","Pothole","QUEENS","Closed"
"69212108","2026-06-02T15:07:09","2026-06-02T15:07:09","Street Condition","Pothole","QUEENS","Closed"
"69212109","2026-06-01T14:55:03","2026-06-02T10:27:00","Street Condition","Pothole","QUEENS","Closed"
"69212110","2026-06-01T14:46:15","2026-06-02T09:04:00","Street Condition","Pothole","QUEENS","Closed"
"69212111","2026-06-01T14:45:50","2026-06-02T08:55:00","Street Condition","Pothole","QUEENS","Closed"
"69212112","2026-06-01T14:45:11","2026-06-02T08:26:00","Street Condition","Pothole","QUEENS","Closed"
"69212114","2026-06-02T13:03:11","2026-06-02T21:11:00","Street Condition","Pothole","QUEENS","Closed"
"69212115","2026-06-02T12:50:40","2026-06-02T21:22:00","Street Condition","Pothole","QUEENS","Closed"
"69212116","2026-06-02T11:26:05","2026-06-02T21:23:00","Street Condition","Pothole","QUEENS","Closed"
"69212117","2026-06-02T10:57:27","2026-06-02T10:57:27","Street Condition","Pothole","QUEENS","Closed"
"69212118","2026-06-02T10:56:28","2026-06-02T20:02:00","Street Condition","Pothole","QUEENS","Closed"
"69213684","2026-06-02T19:43:06","2026-06-02T19:43:06","Street Condition","Pothole","BROOKLYN","Closed"
"69213685","2026-06-01T16:56:32","2026-06-02T15:25:00","Street Condition","Pothole","BROOKLYN","Closed"
"69213686","2026-06-01T15:36:31","2026-06-02T14:52:00","Street Condition","Pothole","BROOKLYN","Closed"
"69213687","2026-06-01T15:36:01","2026-06-02T14:46:00","Street Condition","Pothole","BROOKLYN","Closed"
"69213688","2026-06-01T14:52:59","2026-06-02T09:00:00","Street Condition","Pothole","BROOKLYN","Closed"
"69213689","2026-06-01T14:37:51","2026-06-02T10:30:00","Street Condition","Pothole","BROOKLYN","Closed"
"69213690","2026-06-01T14:22:18","2026-06-02T06:00:00","Street Condition","Pothole","BROOKLYN","Closed"
"69214149","2026-06-02T19:55:44","2026-06-15T07:00:00","Street Condition","Pothole","BRONX","Closed"
"69215232","2026-06-01T14:23:40","2026-06-02T07:50:00","Street Condition","Pothole","QUEENS","Closed"
"69215233","2026-06-02T13:57:08","2026-06-02T15:45:00","Street Condition","Pothole","QUEENS","Closed"
"69215235","2026-06-02T11:55:06","2026-06-02T20:00:00","Street Condition","Pothole","QUEENS","Closed"
"69215236","2026-06-02T11:07:25","2026-06-02T20:22:00","Street Condition","Pothole","QUEENS","Closed"
"69215237","2026-06-02T10:26:10","2026-06-02T17:11:00","Street Condition","Pothole","QUEENS","Closed"
"69215239","2026-06-02T05:39:24","2026-06-02T05:39:24","Street Condition","Pothole","QUEENS","Closed"
"69210560","2026-06-02T11:39:54","2026-06-02T21:11:00","Street Condition","Pothole","QUEENS","Closed"
"69215227","2026-06-02T15:03:12","2026-06-02T15:03:12","Street Condition","Pothole","STATEN ISLAND","Closed"
"69215228","2026-06-01T15:22:09","2026-06-02T11:15:00","Street Condition","Pothole","QUEENS","Closed"
"69215229","2026-06-01T14:47:35","2026-06-02T23:22:00","Street Condition","Pothole","QUEENS","Closed"
"69215230","2026-06-01T14:28:24","2026-06-02T12:20:00","Street Condition","Pothole","QUEENS","Closed"
"69215231","2026-06-01T14:27:57","2026-06-02T09:50:00","Street Condition","Pothole","QUEENS","Closed"
"69215224","2026-06-02T15:19:52","2026-06-02T15:19:52","Street Condition","Pothole","BRONX","Closed"
"69215226","2026-06-02T14:37:16","2026-06-02T14:37:16","Street Condition","Pothole","BRONX","Closed"
"69215240","2026-06-02T03:44:33","2026-06-02T21:22:00","Street Condition","Pothole","QUEENS","Closed"
"69215241","2026-06-02T00:28:22","2026-06-03T18:15:00","Street Condition","Pothole","MANHATTAN","Closed"
"69215242","2026-06-01T15:13:58","2026-06-02T08:45:00","Street Condition","Pothole","MANHATTAN","Closed"
"69215244","2026-06-01T16:54:42","2026-06-02T14:00:00","Street Condition","Pothole","BROOKLYN","Closed"
"69215245","2026-06-01T16:42:47","2026-06-02T08:50:00","Street Condition","Pothole","BROOKLYN","Closed"
"69203167","2026-06-02T02:38:37","2026-06-02T20:22:00","Street Condition","Pothole","QUEENS","Closed"
"69215691","2026-06-03T02:23:04","2026-06-03T14:00:00","Street Condition","Pothole","STATEN ISLAND","Closed"
"69219977","2026-06-02T10:22:35","2026-06-02T10:22:35","Street Condition","Pothole","BROOKLYN","Closed"
"69216807","2026-06-02T12:46:43","2026-06-02T23:21:00","Street Condition","Pothole","QUEENS","Closed"
"69216801","2026-06-02T09:31:52","2026-06-02T09:31:52","Street Condition","Pothole","BROOKLYN","Closed"
"69216802","2026-06-02T16:02:42","2026-06-02T16:02:42","Street Condition","Pothole","BRONX","Closed"
"69216803","2026-06-01T15:26:54","2026-06-02T12:48:00","Street Condition","Pothole","QUEENS","Closed"
"69216805","2026-06-02T13:10:02","2026-06-02T18:11:00","Street Condition","Pothole","QUEENS","Closed"
"69216806","2026-06-02T13:06:30","2026-06-02T13:06:30","Street Condition","Pothole","QUEENS","Closed"
"69216808","2026-06-02T11:02:07","2026-06-02T21:11:00","Street Condition","Pothole","QUEENS","Closed"
"69216809","2026-06-02T10:59:54","2026-06-02T21:11:00","Street Condition","Pothole","QUEENS","Closed"
"69216810","2026-06-02T10:12:15","2026-06-02T10:12:15","Street Condition","Pothole","QUEENS","Closed"
"69216811","2026-06-02T09:38:58","2026-06-02T09:38:58","Street Condition","Pothole","QUEENS","Closed"
"69216812","2026-06-02T08:08:48","2026-06-02T22:22:00","Street Condition","Pothole","QUEENS","Closed"
"69216814","2026-06-02T03:47:04","2026-06-02T19:05:00","Street Condition","Pothole","QUEENS","Closed"
"69216815","2026-06-02T03:46:19","2026-06-02T19:35:00","Street Condition","Pothole","QUEENS","Closed"
"69216816","2026-06-02T03:39:53","2026-06-02T19:11:00","Street Condition","Pothole","QUEENS","Closed"
"69216817","2026-06-02T00:32:12","2026-06-03T19:05:00","Street Condition","Pothole","MANHATTAN","Closed"
"69216818","2026-06-02T00:18:32","2026-06-03T16:45:00","Street Condition","Pothole","MANHATTAN","Closed"
"69216819","2026-06-03T00:44:30","2026-06-03T23:25:00","Street Condition","Pothole","BROOKLYN","Closed"
"69216820","2026-06-01T14:41:58","2026-06-02T13:50:00","Street Condition","Pothole","BROOKLYN","Closed"
"69216821","2026-06-01T14:40:44","2026-06-02T13:35:00","Street Condition","Pothole","BROOKLYN","Closed"
"69216822","2026-06-01T14:23:40","2026-06-02T13:40:00","Street Condition","Pothole","BROOKLYN","Closed"
"69204741","2026-06-02T01:14:42","2026-06-02T22:22:00","Street Condition","Pothole","QUEENS","Closed"
"69217283","2026-06-02T09:35:11","2026-06-03T11:00:00","Street Condition","Pothole","BROOKLYN","Closed"
"69218388","2026-06-01T15:25:32","2026-06-02T11:30:00","Street Condition","Pothole","QUEENS","Closed"
"69218389","2026-06-01T15:19:24","2026-06-02T10:35:00","Street Condition","Pothole","QUEENS","Closed"
"69218391","2026-06-02T12:39:09","2026-06-02T20:22:00","Street Condition","Pothole","QUEENS","Closed"
"69218392","2026-06-02T11:30:54","2026-06-02T18:22:00","Street Condition","Pothole","QUEENS","Closed"
"69218393","2026-06-02T11:29:49","2026-06-02T21:11:00","Street Condition","Pothole","QUEENS","Closed"
"69218394","2026-06-02T10:43:09","2026-06-02T17:45:00","Street Condition","Pothole","QUEENS","Closed"
"69218395","2026-06-02T10:06:39","2026-06-02T22:56:00","Street Condition","Pothole","QUEENS","Closed"
"69218396","2026-06-02T10:02:57","2026-06-02T21:22:00","Street Condition","Pothole","QUEENS","Closed"
"69218397","2026-06-02T08:14:31","2026-06-02T17:11:00","Street Condition","Pothole","QUEENS","Closed"
"69218398","2026-06-02T07:49:53","2026-06-02T20:22:00","Street Condition","Pothole","QUEENS","Closed"
"69218399","2026-06-02T07:26:32","2026-06-02T22:22:00","Street Condition","Pothole","QUEENS","Closed"
"69218400","2026-06-02T06:25:41","2026-06-02T17:23:00","Street Condition","Pothole","QUEENS","Closed"
"69218402","2026-06-03T00:41:47","2026-06-03T22:45:00","Street Condition","Pothole","BROOKLYN","Closed"
"69218403","2026-06-03T00:37:57","2026-06-03T21:40:00","Street Condition","Pothole","BROOKLYN","Closed"
"69218404","2026-06-01T15:38:03","2026-06-02T15:16:00","Street Condition","Pothole","BROOKLYN","Closed"
"69218405","2026-06-01T14:52:15","2026-06-02T08:49:00","Street Condition","Pothole","BROOKLYN","Closed"
"69218406","2026-06-02T10:02:36","2026-06-02T10:02:36","Street Condition","Pothole","BROOKLYN","Closed"
"69206287","2026-06-01T18:04:08","2026-06-02T22:22:00","Street Condition","Pothole","QUEENS","Closed"
"69219974","2026-06-02T00:30:40","2026-06-03T18:40:00","Street Condition","Pothole","MANHATTAN","Closed"
"69219975","2026-06-03T00:40:19","2026-06-03T22:37:00","Street Condition","Pothole","BROOKLYN","Closed"
"69219976","2026-06-01T14:54:17","2026-06-02T10:22:00","Street Condition","Pothole","BROOKLYN","Closed"
"69219960","2026-06-02T07:56:47","2026-06-02T07:56:47","Street Condition","Pothole","BROOKLYN","Closed"
"69219962","2026-06-02T15:24:15","2026-06-02T15:24:15","Street Condition","Pothole","BRONX","Closed"
"69219963","2026-06-02T18:32:00","2026-06-02T18:32:00","Street Condition","Pothole","QUEENS","Closed"
"69219964","2026-06-01T15:20:55","2026-06-02T10:58:00","Street Condition","Pothole","QUEENS","Closed"
"69219966","2026-06-02T11:56:25","2026-06-02T20:22:00","Street Condition","Pothole","QUEENS","Closed"
"69219967","2026-06-02T09:53:40","2026-06-02T23:22:00","Street Condition","Pothole","QUEENS","Closed"
"69219968","2026-06-02T09:37:51","2026-06-02T18:23:00","Street Condition","Pothole","QUEENS","Closed"
"69219970","2026-06-02T08:38:27","2026-06-02T18:11:00","Street Condition","Pothole","QUEENS","Closed"
"69219971","2026-06-02T03:41:33","2026-06-02T20:22:00","Street Condition","Pothole","QUEENS","Closed"
"69219972","2026-06-02T03:38:06","2026-06-02T20:00:00","Street Condition","Pothole","QUEENS","Closed"
"69219973","2026-06-02T00:33:49","2026-06-03T19:20:00","Street Condition","Pothole","MANHATTAN","Closed"
"69220472","2026-06-02T20:06:43","2026-06-03T10:55:00","Street Condition","Pothole","MANHATTAN","Closed"
"69209462","2026-06-02T19:41:57","2026-06-03T20:05:00","Street Condition","Pothole","QUEENS","Closed"
"69223030","2026-06-02T14:50:27","2026-06-03T10:12:00","Street Condition","Pothole","BROOKLYN","Closed"
"69223031","2026-06-02T14:49:47","2026-06-03T09:29:00","Street Condition","Pothole","BROOKLYN","Closed"
"69212611","2026-06-03T02:20:16","","Street Condition","Pothole","BRONX","Pending"
"69226647","2026-06-03T17:10:53","","Street Condition","Pothole","BROOKLYN","Open"
"69227665","2026-06-02T15:29:50","2026-06-03T09:59:00","Street Condition","Pothole","QUEENS","Closed"
"69227666","2026-06-02T15:29:30","2026-06-03T10:14:00","Street Condition","Pothole","QUEENS","Closed"
"69217275","2026-06-02T20:13:41","2026-06-02T23:00:00","Street Condition","Pothole","QUEENS","Closed"
"69232337","2026-06-02T14:53:48","2026-06-03T12:45:00","Street Condition","Pothole","BROOKLYN","Closed"
"69232339","2026-06-02T14:52:37","2026-06-03T11:45:00","Street Condition","Pothole","BROOKLYN","Closed"
"69232821","2026-06-03T07:48:41","2026-06-09T20:45:00","Street Condition","Pothole","STATEN ISLAND","Closed"
"69234307","2026-06-04T19:31:16","","Street Condition","Pothole","BROOKLYN","Open"
"69228182","2026-06-03T11:54:31","2026-06-04T02:32:00","Street Condition","Pothole","QUEENS","Closed"
"69230784","2026-06-02T14:18:12","2026-06-03T06:00:00","Street Condition","Pothole","BROOKLYN","Closed"
"69221497","2026-06-03T10:40:10","2026-06-03T10:40:10","Street Condition","Pothole","STATEN ISLAND","Closed"
"69221492","2026-06-02T01:50:41","2026-06-03T23:30:00","Street Condition","Pothole","BROOKLYN","Closed"
"69225121","2026-06-03T13:13:14","2026-06-03T23:21:00","Street Condition","Pothole","QUEENS","Closed"
"69224627","2026-06-03T08:06:22","2026-06-03T08:06:22","Street Condition","Pothole","QUEENS","Closed"
"69225124","2026-06-03T11:38:55","2026-06-04T00:02:00","Street Condition","Pothole","QUEENS","Closed"
"69221975","2026-06-03T11:25:57","2026-06-08T09:05:00","Street Condition","Pothole","QUEENS","Closed"
"69221986","2026-06-03T18:02:44","","Street Condition","Pothole","BROOKLYN","Open"
"69227676","2026-06-04T00:25:18","2026-06-04T00:25:19","Street Condition","Pothole","BRONX","Closed"
"69223511","2026-06-03T12:25:15","","Street Condition","Pothole","BROOKLYN","Open"
"69224624","2026-06-02T15:20:21","2026-06-03T08:52:00","Street Condition","Pothole","QUEENS","Closed"
"69246327","2026-06-05T17:13:44","","Street Condition","Pothole","BROOKLYN","Open"
"69223508","2026-06-03T20:54:17","","Street Condition","Pothole","BROOKLYN","Open"
"69225119","2026-06-03T14:27:22","2026-06-03T20:22:00","Street Condition","Pothole","QUEENS","Closed"
"69223516","2026-06-03T23:14:43","2026-06-04T02:22:00","Street Condition","Pothole","QUEENS","Closed"
"69221989","2026-06-03T09:10:13","","Street Condition","Pothole","BROOKLYN","Open"
"69221984","2026-06-03T19:04:14","2026-06-04T06:50:00","Street Condition","Pothole","MANHATTAN","Closed"
"69247957","2026-06-05T10:17:26","","Street Condition","Pothole","QUEENS","Open"
"69224633","2026-06-03T10:41:04","2026-06-03T10:41:04","Street Condition","Pothole","STATEN ISLAND","Closed"
"69249573","2026-06-05T19:07:38","","Street Condition","Pothole","BROOKLYN","Open"
"69249575","2026-06-05T15:59:33","","Street Condition","Pothole","BROOKLYN","Open"
"69228190","2026-06-03T08:28:58","2026-06-03T19:32:00","Street Condition","Pothole","QUEENS","Closed"
"69225126","2026-06-03T10:29:08","2026-06-05T02:22:00","Street Condition","Pothole","QUEENS","Closed"
"69249576","2026-06-05T13:05:25","","Street Condition","Pothole","BROOKLYN","Open"
"69221995","2026-06-03T18:32:25","2026-06-03T20:22:00","Street Condition","Pothole","QUEENS","Closed"
"69224630","2026-06-03T15:28:41","2026-06-03T15:28:41","Street Condition","Pothole","BRONX","Closed"
"69249577","2026-06-05T06:30:02","","Street Condition","Pothole","BROOKLYN","Open"
"69229716","2026-06-03T19:44:23","","Street Condition","Pothole","BROOKLYN","Open"
"69229722","2026-06-03T16:34:24","2026-06-04T13:00:00","Street Condition","Pothole","BRONX","Closed"
"69229264","2026-06-02T15:13:16","2026-06-03T11:05:00","Street Condition","Pothole","QUEENS","Closed"
"69229721","2026-06-03T19:10:54","2026-06-08T08:55:00","Street Condition","Pothole","BRONX","Closed"
"69251141","2026-06-05T19:09:53","","Street Condition","Pothole","BROOKLYN","Open"
"69232820","2026-06-03T06:43:44","","Street Condition","Pothole","BROOKLYN","Open"
"69231281","2026-06-03T15:10:33","","Street Condition","Pothole","QUEENS","Open"
"69229719","2026-06-03T13:48:28","2026-06-05T11:30:00","Street Condition","Pothole","BROOKLYN","Closed"
"69232338","2026-06-02T14:53:45","2026-06-03T13:30:00","Street Condition","Pothole","BROOKLYN","Closed"
"69229723","2026-06-04T01:47:45","2026-06-04T20:22:00","Street Condition","Pothole","QUEENS","Closed"
"69252827","2026-06-05T07:55:40","","Street Condition","Pothole","BROOKLYN","Open"
"69232810","2026-06-03T10:53:11","2026-06-04T04:54:00","Street Condition","Pothole","QUEENS","Closed"
"69196773","2026-06-01T10:57:10","2026-06-15T13:10:00","Street Condition","Pothole","Unspecified","Closed"
"69238738","2026-06-04T15:20:21","2026-06-11T12:40:00","Street Condition","Pothole","STATEN ISLAND","Closed"
"69243242","2026-06-04T22:29:51","2026-06-15T14:25:00","Street Condition","Pothole","BRONX","Closed"
"69249559","2026-06-05T10:39:14","","Street Condition","Pothole","STATEN ISLAND","Pending"
"69249565","2026-06-05T13:54:20","2026-06-09T20:22:00","Street Condition","Pothole","QUEENS","Closed"
"69252812","2026-06-05T17:22:44","2026-06-11T08:45:00","Street Condition","Pothole","BRONX","Closed"
"69256016","2026-06-05T15:33:17","2026-06-09T22:33:00","Street Condition","Pothole","QUEENS","Closed"
"69256018","2026-06-05T11:45:52","2026-06-09T02:22:00","Street Condition","Pothole","QUEENS","Closed"
"69285697","2026-06-07T18:34:09","2026-06-09T01:05:00","Street Condition","Pothole","QUEENS","Closed"
"69289062","2026-06-06T17:36:31","2026-06-16T16:50:00","Street Condition","Pothole","BRONX","Closed"
"69289061","2026-06-07T10:06:05","2026-06-11T09:50:00","Street Condition","Pothole","BRONX","Closed"
"69289067","2026-06-07T07:18:48","2026-06-11T10:40:00","Street Condition","Pothole","STATEN ISLAND","Closed"
"69292404","2026-06-07T11:58:58","2026-06-11T13:25:00","Street Condition","Pothole","BRONX","Closed"
"69294119","2026-06-06T14:54:48","2026-06-11T08:15:00","Street Condition","Pothole","BRONX","Closed"
"69294122","2026-06-06T03:22:20","2026-06-11T11:00:00","Street Condition","Pothole","STATEN ISLAND","Closed"
"69294130","2026-06-06T13:56:15","2026-06-09T03:34:00","Street Condition","Pothole","QUEENS","Closed"
"69225139","2026-06-03T19:37:42","2026-06-03T20:22:00","Street Condition","Pothole","QUEENS","Closed"
"69229724","2026-06-03T21:15:38","2026-06-03T23:05:00","Street Condition","Pothole","QUEENS","Closed"
"69218880","2026-06-02T17:22:23","2026-06-04T11:30:00","Street Condition","Pothole","MANHATTAN","Closed"
"69221977","2026-06-03T10:31:29","2026-06-04T00:04:00","Street Condition","Pothole","QUEENS","Closed"
"69221978","2026-06-03T09:14:51","2026-06-03T22:22:00","Street Condition","Pothole","QUEENS","Closed"
"69221979","2026-06-03T08:30:16","2026-06-03T20:34:00","Street Condition","Pothole","QUEENS","Closed"
"69221980","2026-06-03T08:09:52","2026-06-03T20:53:00","Street Condition","Pothole","QUEENS","Closed"
"69221981","2026-06-03T05:36:26","2026-06-03T14:55:00","Street Condition","Pothole","QUEENS","Closed"
"69221982","2026-06-04T01:38:15","2026-06-04T07:10:00","Street Condition","Pothole","MANHATTAN","Closed"
"69221983","2026-06-03T22:45:47","2026-06-04T09:45:00","Street Condition","Pothole","MANHATTAN","Closed"
"69221985","2026-06-03T08:29:44","2026-06-04T08:55:00","Street Condition","Pothole","MANHATTAN","Closed"
"69221987","2026-06-03T13:52:14","2026-06-04T12:40:00","Street Condition","Pothole","BROOKLYN","Closed"
"69221988","2026-06-03T13:49:14","2026-06-04T12:25:00","Street Condition","Pothole","BROOKLYN","Closed"
"69221992","2026-06-03T22:19:16","2026-06-03T23:33:00","Street Condition","Pothole","QUEENS","Closed"
"69221994","2026-06-03T20:52:22","2026-06-04T00:06:00","Street Condition","Pothole","QUEENS","Closed"
"69221998","2026-06-03T17:00:46","2026-06-04T00:21:00","Street Condition","Pothole","QUEENS","Closed"
"69225140","2026-06-03T18:01:49","2026-06-04T02:22:00","Street Condition","Pothole","QUEENS","Closed"
"69228187","2026-06-03T10:41:29","2026-06-04T00:08:00","Street Condition","Pothole","QUEENS","Closed"
"69229727","2026-06-03T18:03:32","2026-06-03T20:45:00","Street Condition","Pothole","QUEENS","Closed"
"69229728","2026-06-03T17:02:45","2026-06-04T03:05:00","Street Condition","Pothole","QUEENS","Closed"
"69226639","2026-06-03T08:50:47","2026-06-03T20:42:00","Street Condition","Pothole","QUEENS","Closed"
"69235352","2026-06-04T22:10:36","2026-06-04T22:10:36","Street Condition","Pothole","BROOKLYN","Closed"
"69235353","2026-06-04T22:09:51","2026-06-04T22:09:51","Street Condition","Pothole","BROOKLYN","Closed"
"69235354","2026-06-03T14:13:26","2026-06-04T12:50:00","Street Condition","Pothole","BROOKLYN","Closed"
"69235355","2026-06-04T13:51:25","2026-06-04T13:51:25","Street Condition","Pothole","BROOKLYN","Closed"
"69198313","2026-06-01T23:53:55","2026-06-04T11:00:00","Street Condition","Pothole","QUEENS","Closed"
"69198315","2026-06-01T08:04:18","2026-06-04T09:20:00","Street Condition","Pothole","MANHATTAN","Closed"
"69198309","2026-06-01T12:41:30","2026-06-08T11:40:00","Street Condition","Pothole","BRONX","Closed"
"69199966","2026-06-01T22:00:47","2026-06-02T20:05:00","Street Condition","Pothole","QUEENS","Closed"
"69199967","2026-06-01T12:29:28","","Street Condition","Pothole","MANHATTAN","Pending"
"69203169","2026-06-01T08:44:03","2026-06-02T03:33:00","Street Condition","Pothole","QUEENS","Closed"
"69206288","2026-06-01T12:56:50","2026-06-02T21:00:00","Street Condition","Pothole","QUEENS","Closed"
"69206282","2026-06-01T19:11:50","","Street Condition","Pothole","BRONX","Pending"
"69207819","2026-06-01T12:51:20","2026-06-02T04:55:00","Street Condition","Pothole","QUEENS","Closed"
"69209455","2026-06-02T08:26:31","2026-06-04T11:45:00","Street Condition","Pothole","BROOKLYN","Closed"
"69209459","2026-06-03T00:42:44","2026-06-03T20:22:00","Street Condition","Pothole","QUEENS","Closed"
"69209461","2026-06-02T20:22:52","2026-06-02T23:22:00","Street Condition","Pothole","QUEENS","Closed"
"69209463","2026-06-02T17:22:56","2026-06-03T23:22:00","Street Condition","Pothole","QUEENS","Closed"
"69209464","2026-06-02T17:19:11","2026-06-03T23:22:00","Street Condition","Pothole","QUEENS","Closed"
"69209466","2026-06-02T16:32:18","2026-06-02T23:44:00","Street Condition","Pothole","QUEENS","Closed"
"69209469","2026-06-02T22:04:42","2026-06-04T10:55:00","Street Condition","Pothole","BROOKLYN","Closed"
"69209472","2026-06-02T10:13:47","2026-06-04T09:00:00","Street Condition","Pothole","BROOKLYN","Closed"
"69211027","2026-06-02T23:26:34","2026-06-04T12:55:00","Street Condition","Pothole","MANHATTAN","Closed"
"69212614","2026-06-02T21:03:40","2026-06-03T00:45:00","Street Condition","Pothole","QUEENS","Closed"
"69212615","2026-06-02T18:23:25","2026-06-03T00:23:00","Street Condition","Pothole","QUEENS","Closed"
"69212616","2026-06-02T21:25:51","2026-06-04T09:35:00","Street Condition","Pothole","BROOKLYN","Closed"
"69214160","2026-06-02T19:17:17","2026-06-04T10:30:00","Street Condition","Pothole","MANHATTAN","Closed"
"69214153","2026-06-02T21:38:37","2026-06-03T02:22:00","Street Condition","Pothole","QUEENS","Closed"
"69214154","2026-06-02T21:01:25","2026-06-02T23:58:00","Street Condition","Pothole","QUEENS","Closed"
"69214155","2026-06-02T20:21:10","2026-06-03T04:55:00","Street Condition","Pothole","QUEENS","Closed"
"69214156","2026-06-02T19:42:46","2026-06-03T01:35:00","Street Condition","Pothole","QUEENS","Closed"
"69214157","2026-06-02T16:54:35","2026-06-02T21:22:00","Street Condition","Pothole","QUEENS","Closed"
"69214158","2026-06-02T16:34:50","2026-06-02T20:05:00","Street Condition","Pothole","QUEENS","Closed"
"69215692","2026-06-02T20:18:16","2026-06-02T23:35:00","Street Condition","Pothole","QUEENS","Closed"
"69215694","2026-06-02T16:48:51","2026-06-03T21:23:00","Street Condition","Pothole","QUEENS","Closed"
"69220467","2026-06-02T23:09:49","2026-06-03T00:45:00","Street Condition","Pothole","QUEENS","Closed"
"69220468","2026-06-02T21:25:41","2026-06-04T01:22:00","Street Condition","Pothole","QUEENS","Closed"
"69217276","2026-06-02T19:46:09","2026-06-03T03:34:00","Street Condition","Pothole","QUEENS","Closed"
"69220469","2026-06-02T21:10:04","2026-06-02T23:22:00","Street Condition","Pothole","QUEENS","Closed"
"69220471","2026-06-02T18:30:18","2026-06-02T23:05:00","Street Condition","Pothole","QUEENS","Closed"
"69220473","2026-06-02T15:13:49","","Street Condition","Pothole","MANHATTAN","Pending"
"69218879","2026-06-02T17:00:02","2026-06-02T20:06:00","Street Condition","Pothole","QUEENS","Closed"
"69218878","2026-06-02T17:04:00","2026-06-02T23:33:00","Street Condition","Pothole","QUEENS","Closed"
"69220476","2026-06-02T16:11:04","2026-06-04T10:45:00","Street Condition","Pothole","BROOKLYN","Closed"
"69221968","2026-06-03T15:17:21","2026-06-04T10:10:00","Street Condition","Pothole","QUEENS","Closed"
"69221969","2026-06-03T15:00:14","2026-06-04T13:40:00","Street Condition","Pothole","QUEENS","Closed"
"69221970","2026-06-03T14:58:24","2026-06-04T13:20:00","Street Condition","Pothole","QUEENS","Closed"
"69221971","2026-06-03T14:54:51","2026-06-03T22:22:00","Street Condition","Pothole","QUEENS","Closed"
"69221972","2026-06-03T14:43:28","2026-06-04T00:09:00","Street Condition","Pothole","QUEENS","Closed"
"69221973","2026-06-03T14:19:32","2026-06-04T01:34:00","Street Condition","Pothole","QUEENS","Closed"
"69221974","2026-06-03T13:15:28","2026-06-04T11:40:00","Street Condition","Pothole","QUEENS","Closed"
"69221976","2026-06-03T11:02:48","2026-06-03T20:22:00","Street Condition","Pothole","QUEENS","Closed"
"69221997","2026-06-03T17:06:17","2026-06-05T02:05:00","Street Condition","Pothole","QUEENS","Closed"
"69223497","2026-06-03T16:41:33","2026-06-04T08:25:00","Street Condition","Pothole","QUEENS","Closed"
"69223498","2026-06-03T14:56:35","2026-06-04T02:56:00","Street Condition","Pothole","QUEENS","Closed"
"69223499","2026-06-03T14:52:39","2026-06-04T02:22:00","Street Condition","Pothole","QUEENS","Closed"
"69223500","2026-06-03T12:54:25","2026-06-04T02:25:00","Street Condition","Pothole","QUEENS","Closed"
"69223501","2026-06-03T09:13:19","2026-06-03T20:22:00","Street Condition","Pothole","QUEENS","Closed"
"69223502","2026-06-03T04:06:41","2026-06-04T02:44:00","Street Condition","Pothole","QUEENS","Closed"
"69223503","2026-06-03T23:06:52","2026-06-04T09:55:00","Street Condition","Pothole","MANHATTAN","Closed"
"69223504","2026-06-03T17:32:55","2026-06-04T11:50:00","Street Condition","Pothole","MANHATTAN","Closed"
"69223505","2026-06-03T15:06:38","2026-06-04T10:55:00","Street Condition","Pothole","MANHATTAN","Closed"
"69223506","2026-06-03T14:56:05","2026-06-04T09:30:00","Street Condition","Pothole","MANHATTAN","Closed"
"69223507","2026-06-03T06:14:23","","Street Condition","Pothole","MANHATTAN","Pending"
"69223509","2026-06-03T17:45:00","2026-06-04T10:45:00","Street Condition","Pothole","BROOKLYN","Closed"
"69223510","2026-06-03T13:53:10","2026-06-04T13:00:00","Street Condition","Pothole","BROOKLYN","Closed"
"69223512","2026-06-03T10:28:01","2026-06-04T13:23:00","Street Condition","Pothole","BROOKLYN","Closed"
"69223515","2026-06-04T01:23:49","2026-06-04T20:22:00","Street Condition","Pothole","QUEENS","Closed"
"69223518","2026-06-03T21:04:24","2026-06-03T22:24:00","Street Condition","Pothole","QUEENS","Closed"
"69223522","2026-06-03T17:01:19","2026-06-04T08:35:00","Street Condition","Pothole","QUEENS","Closed"
"69233799","2026-06-04T11:26:55","2026-06-04T19:21:00","Street Condition","Pothole","QUEENS","Closed"
"69233800","2026-06-04T10:37:30","2026-06-04T12:34:00","Street Condition","Pothole","QUEENS","Closed"
"69233801","2026-06-04T10:13:57","2026-06-04T19:11:00","Street Condition","Pothole","QUEENS","Closed"
"69233803","2026-06-04T09:24:18","2026-06-04T16:24:00","Street Condition","Pothole","QUEENS","Closed"
"69233804","2026-06-04T07:40:14","2026-06-04T22:21:00","Street Condition","Pothole","QUEENS","Closed"
"69233805","2026-06-04T05:05:49","2026-06-04T19:33:00","Street Condition","Pothole","QUEENS","Closed"
"69233806","2026-06-03T01:04:29","2026-06-04T17:40:00","Street Condition","Pothole","MANHATTAN","Closed"
"69233807","2026-06-03T16:55:42","2026-06-04T12:55:00","Street Condition","Pothole","BROOKLYN","Closed"
"69233808","2026-06-03T16:54:55","2026-06-04T11:40:00","Street Condition","Pothole","BROOKLYN","Closed"
"69225118","2026-06-03T16:39:00","2026-06-03T23:22:00","Street Condition","Pothole","QUEENS","Closed"
"69225122","2026-06-03T12:38:46","2026-06-03T20:46:00","Street Condition","Pothole","QUEENS","Closed"
"69225123","2026-06-03T12:35:46","2026-06-03T20:22:00","Street Condition","Pothole","QUEENS","Closed"
"69225125","2026-06-03T11:33:14","2026-06-04T10:35:00","Street Condition","Pothole","QUEENS","Closed"
"69225127","2026-06-03T09:32:01","2026-06-03T18:12:00","Street Condition","Pothole","QUEENS","Closed"
"69225128","2026-06-03T08:49:34","2026-06-03T21:07:00","Street Condition","Pothole","QUEENS","Closed"
"69225131","2026-06-03T07:31:34","2026-06-04T02:22:00","Street Condition","Pothole","QUEENS","Closed"
"69225132","2026-06-03T09:50:13","2026-06-04T09:00:00","Street Condition","Pothole","MANHATTAN","Closed"
"69225133","2026-06-03T08:25:36","2026-06-04T10:55:00","Street Condition","Pothole","MANHATTAN","Closed"
"69225134","2026-06-03T19:37:13","2026-06-04T09:25:00","Street Condition","Pothole","BROOKLYN","Closed"
"69225135","2026-06-03T10:25:07","2026-06-04T13:45:00","Street Condition","Pothole","BROOKLYN","Closed"
"69225137","2026-06-03T21:48:02","2026-06-04T01:04:00","Street Condition","Pothole","QUEENS","Closed"
"69233809","2026-06-03T11:11:41","2026-06-04T09:35:00","Street Condition","Pothole","BROOKLYN","Closed"
"69228188","2026-06-03T09:10:12","2026-06-03T19:05:00","Street Condition","Pothole","QUEENS","Closed"
"69228189","2026-06-03T08:48:24","2026-06-04T03:32:00","Street Condition","Pothole","QUEENS","Closed"
"69228191","2026-06-04T01:48:49","2026-06-04T07:40:00","Street Condition","Pothole","MANHATTAN","Closed"
"69226636","2026-06-03T11:56:54","","Street Condition","Pothole","QUEENS","Pending"
"69226637","2026-06-03T11:32:36","2026-06-03T20:05:00","Street Condition","Pothole","QUEENS","Closed"
"69226640","2026-06-03T08:24:43","2026-06-03T20:02:00","Street Condition","Pothole","QUEENS","Closed"
"69226642","2026-06-03T06:37:58","2026-06-03T19:58:00","Street Condition","Pothole","QUEENS","Closed"
"69226643","2026-06-03T19:42:16","2026-06-04T12:35:00","Street Condition","Pothole","MANHATTAN","Closed"
"69226644","2026-06-03T14:00:05","2026-06-04T08:05:00","Street Condition","Pothole","MANHATTAN","Closed"
"69226648","2026-06-03T13:54:32","2026-06-04T12:10:00","Street Condition","Pothole","BROOKLYN","Closed"
"69226651","2026-06-03T11:39:23","2026-06-04T09:40:00","Street Condition","Pothole","BROOKLYN","Closed"
"69226652","2026-06-04T01:27:18","2026-06-04T20:22:00","Street Condition","Pothole","QUEENS","Closed"
"69226653","2026-06-03T20:02:54","2026-06-03T21:22:00","Street Condition","Pothole","QUEENS","Closed"
"69226654","2026-06-03T18:54:33","2026-06-04T03:31:00","Street Condition","Pothole","QUEENS","Closed"
"69232808","2026-06-03T13:29:40","2026-06-03T19:38:00","Street Condition","Pothole","QUEENS","Closed"
"69232809","2026-06-03T13:20:22","2026-06-03T20:22:00","Street Condition","Pothole","QUEENS","Closed"
"69232811","2026-06-03T08:25:03","2026-06-03T19:12:00","Street Condition","Pothole","Unspecified","Closed"
"69232812","2026-06-03T08:19:14","2026-06-04T00:01:00","Street Condition","Pothole","QUEENS","Closed"
"69232813","2026-06-03T07:44:34","2026-06-03T20:22:00","Street Condition","Pothole","QUEENS","Closed"
"69232814","2026-06-03T07:17:53","2026-06-03T22:22:00","Street Condition","Pothole","QUEENS","Closed"
"69232816","2026-06-03T17:47:20","2026-06-04T12:30:00","Street Condition","Pothole","BROOKLYN","Closed"
"69232817","2026-06-03T15:02:01","2026-06-04T11:30:00","Street Condition","Pothole","BROOKLYN","Closed"
"69232819","2026-06-03T12:52:30","2026-06-04T13:50:00","Street Condition","Pothole","BROOKLYN","Closed"
"69232822","2026-06-04T02:01:15","2026-06-04T20:21:00","Street Condition","Pothole","QUEENS","Closed"
"69232823","2026-06-04T01:41:03","2026-06-04T20:22:00","Street Condition","Pothole","QUEENS","Closed"
"69232824","2026-06-04T01:23:06","2026-06-04T10:34:00","Street Condition","Pothole","QUEENS","Closed"
"69228180","2026-06-02T15:18:22","2026-06-03T20:22:00","Street Condition","Pothole","QUEENS","Closed"
"69228181","2026-06-03T12:24:19","2026-06-04T02:56:00","Street Condition","Pothole","QUEENS","Closed"
"69228183","2026-06-03T11:17:31","2026-06-03T21:55:00","Street Condition","Pothole","QUEENS","Closed"
"69228184","2026-06-03T10:57:53","2026-06-03T19:16:00","Street Condition","Pothole","QUEENS","Closed"
"69228185","2026-06-03T10:57:52","2026-06-04T09:00:00","Street Condition","Pothole","QUEENS","Closed"
"69228186","2026-06-03T10:51:17","2026-06-03T18:23:00","Street Condition","Pothole","QUEENS","Closed"
"69228192","2026-06-03T14:16:16","2026-06-04T13:40:00","Street Condition","Pothole","MANHATTAN","Closed"
"69228193","2026-06-03T09:43:01","2026-06-04T08:25:00","Street Condition","Pothole","MANHATTAN","Closed"
"69228194","2026-06-03T08:31:53","2026-06-04T10:20:00","Street Condition","Pothole","MANHATTAN","Closed"
"69228195","2026-06-03T06:13:37","2026-06-04T09:35:00","Street Condition","Pothole","MANHATTAN","Closed"
"69228196","2026-06-03T13:53:46","2026-06-04T13:40:00","Street Condition","Pothole","BROOKLYN","Closed"
"69228197","2026-06-03T13:41:34","2026-06-04T08:40:00","Street Condition","Pothole","BROOKLYN","Closed"
"69228200","2026-06-03T23:18:37","2026-06-04T02:22:00","Street Condition","Pothole","QUEENS","Closed"
"69228201","2026-06-03T21:18:50","2026-06-03T23:21:00","Street Condition","Pothole","QUEENS","Closed"
"69228202","2026-06-03T20:55:21","2026-06-03T23:22:00","Street Condition","Pothole","QUEENS","Closed"
"69228203","2026-06-03T18:19:01","2026-06-03T23:22:00","Street Condition","Pothole","QUEENS","Closed"
"69232825","2026-06-03T22:33:41","2026-06-03T23:22:00","Street Condition","Pothole","QUEENS","Closed"
"69228204","2026-06-03T18:04:08","2026-06-03T22:43:00","Street Condition","Pothole","QUEENS","Closed"
"69228205","2026-06-03T17:59:41","2026-06-03T23:54:00","Street Condition","Pothole","QUEENS","Closed"
"69228206","2026-06-03T17:08:48","2026-06-03T20:33:00","Street Condition","Pothole","QUEENS","Closed"
"69228207","2026-06-03T16:54:24","2026-06-03T20:53:00","Street Condition","Pothole","QUEENS","Closed"
"69232826","2026-06-03T21:09:39","2026-06-03T23:00:00","Street Condition","Pothole","QUEENS","Closed"
"69232827","2026-06-03T20:40:14","2026-06-03T22:23:00","Street Condition","Pothole","QUEENS","Closed"
"69232830","2026-06-03T17:48:36","2026-06-04T02:44:00","Street Condition","Pothole","QUEENS","Closed"
"69232831","2026-06-03T17:01:37","2026-06-03T20:51:00","Street Condition","Pothole","QUEENS","Closed"
"69229717","2026-06-03T19:38:15","2026-06-04T11:15:00","Street Condition","Pothole","BROOKLYN","Closed"
"69229718","2026-06-03T16:07:42","2026-06-04T10:00:00","Street Condition","Pothole","BROOKLYN","Closed"
"69229710","2026-06-03T13:04:10","2026-06-03T20:22:00","Street Condition","Pothole","QUEENS","Closed"
"69229712","2026-06-03T09:48:29","2026-06-03T20:22:00","Street Condition","Pothole","QUEENS","Closed"
"69229714","2026-06-03T08:27:05","2026-06-03T22:22:00","Street Condition","Pothole","QUEENS","Closed"
"69229715","2026-06-03T16:46:00","2026-06-04T10:15:00","Street Condition","Pothole","MANHATTAN","Closed"
"69231282","2026-06-03T13:26:19","2026-06-04T00:34:00","Street Condition","Pothole","QUEENS","Closed"
"69231284","2026-06-03T12:22:48","2026-06-03T19:37:00","Street Condition","Pothole","QUEENS","Closed"
"69231286","2026-06-03T08:19:44","2026-06-03T20:22:00","Street Condition","Pothole","QUEENS","Closed"
"69231287","2026-06-03T07:06:56","2026-06-03T20:22:00","Street Condition","Pothole","QUEENS","Closed"
"69231288","2026-06-03T08:23:56","2026-06-04T13:05:00","Street Condition","Pothole","MANHATTAN","Closed"
"69231289","2026-06-03T08:22:06","2026-06-04T08:35:00","Street Condition","Pothole","MANHATTAN","Closed"
"69231296","2026-06-03T20:23:04","2026-06-03T23:31:00","Street Condition","Pothole","QUEENS","Closed"
"69231285","2026-06-03T08:59:37","2026-06-08T10:15:00","Street Condition","Pothole","QUEENS","Closed"
"69232807","2026-06-03T14:02:22","2026-06-03T22:24:00","Street Condition","Pothole","QUEENS","Closed"
"69233791","2026-06-04T09:17:48","2026-06-04T09:17:48","Street Condition","Pothole","STATEN ISLAND","Closed"
"69233792","2026-06-03T00:15:33","2026-06-04T17:55:00","Street Condition","Pothole","QUEENS","Closed"
"69233793","2026-06-04T23:01:32","2026-06-04T23:01:32","Street Condition","Pothole","QUEENS","Closed"
"69233794","2026-06-03T14:24:31","2026-06-04T13:00:00","Street Condition","Pothole","QUEENS","Closed"
"69233795","2026-06-04T13:18:55","2026-06-04T17:46:00","Street Condition","Pothole","QUEENS","Closed"
"69233796","2026-06-04T12:44:38","2026-06-04T20:22:00","Street Condition","Pothole","QUEENS","Closed"
"69233797","2026-06-04T11:34:52","2026-06-04T20:04:00","Street Condition","Pothole","QUEENS","Closed"
"69233798","2026-06-04T11:29:05","2026-06-04T20:22:00","Street Condition","Pothole","QUEENS","Closed"
"69234291","2026-06-04T15:32:58","2026-06-11T09:05:00","Street Condition","Pothole","BRONX","Closed"
"69234296","2026-06-04T17:20:37","2026-06-04T21:05:00","Street Condition","Pothole","QUEENS","Closed"
"69234297","2026-06-04T16:59:21","2026-06-04T23:04:00","Street Condition","Pothole","QUEENS","Closed"
"69235342","2026-06-04T11:48:31","2026-06-04T20:56:00","Street Condition","Pothole","QUEENS","Closed"
"69235343","2026-06-04T11:47:42","2026-06-04T20:22:00","Street Condition","Pothole","QUEENS","Closed"
"69235344","2026-06-04T10:33:28","2026-06-04T20:25:00","Street Condition","Pothole","QUEENS","Closed"
"69235345","2026-06-04T09:28:10","2026-06-04T19:23:00","Street Condition","Pothole","QUEENS","Closed"
"69235346","2026-06-04T07:38:32","2026-06-04T20:21:00","Street Condition","Pothole","QUEENS","Closed"
"69235347","2026-06-04T07:26:20","2026-06-04T20:25:00","Street Condition","Pothole","QUEENS","Closed"
"69235348","2026-06-03T01:06:37","2026-06-04T18:50:00","Street Condition","Pothole","MANHATTAN","Closed"
"69235349","2026-06-03T01:05:33","2026-06-04T18:15:00","Street Condition","Pothole","MANHATTAN","Closed"
"69235350","2026-06-03T15:09:55","2026-06-04T11:45:00","Street Condition","Pothole","MANHATTAN","Closed"
"69235336","2026-06-03T00:17:59","2026-06-04T19:30:00","Street Condition","Pothole","QUEENS","Closed"
"69235337","2026-06-03T00:14:28","2026-06-04T17:00:00","Street Condition","Pothole","QUEENS","Closed"
"69235338","2026-06-04T23:01:33","2026-06-04T23:01:33","Street Condition","Pothole","QUEENS","Closed"
"69235339","2026-06-04T23:01:32","2026-06-04T23:01:32","Street Condition","Pothole","QUEENS","Closed"
"69235340","2026-06-04T23:01:32","2026-06-04T23:01:32","Street Condition","Pothole","QUEENS","Closed"
"69235341","2026-06-04T12:21:34","2026-06-04T19:44:00","Street Condition","Pothole","QUEENS","Closed"
"69235812","2026-06-04T16:21:10","2026-06-11T08:40:00","Street Condition","Pothole","BRONX","Closed"
"69235816","2026-06-04T19:47:21","2026-06-04T23:22:00","Street Condition","Pothole","QUEENS","Closed"
"69236851","2026-06-04T09:10:50","2026-06-04T20:22:00","Street Condition","Pothole","QUEENS","Closed"
"69236852","2026-06-04T07:52:21","2026-06-04T20:05:00","Street Condition","Pothole","QUEENS","Closed"
"69236853","2026-06-04T07:41:13","2026-06-04T20:22:00","Street Condition","Pothole","QUEENS","Closed"
"69236845","2026-06-04T14:30:32","2026-06-04T14:30:32","Street Condition","Pothole","BRONX","Closed"
"69236846","2026-06-03T00:20:05","2026-06-04T22:05:00","Street Condition","Pothole","QUEENS","Closed"
"69236847","2026-06-04T23:01:32","2026-06-04T23:01:32","Street Condition","Pothole","QUEENS","Closed"
"69236848","2026-06-04T13:15:53","2026-06-04T13:15:53","Street Condition","Pothole","QUEENS","Closed"
"69236849","2026-06-04T12:38:48","2026-06-04T20:56:00","Street Condition","Pothole","QUEENS","Closed"
"69236850","2026-06-04T09:42:49","2026-06-04T20:22:00","Street Condition","Pothole","QUEENS","Closed"
"69236854","2026-06-04T05:04:33","2026-06-04T20:22:00","Street Condition","Pothole","QUEENS","Closed"
"69236855","2026-06-03T01:09:26","2026-06-04T19:25:00","Street Condition","Pothole","MANHATTAN","Closed"
"69236856","2026-06-03T01:03:13","2026-06-04T17:09:00","Street Condition","Pothole","MANHATTAN","Closed"
"69236857","2026-06-03T15:08:45","2026-06-04T07:30:00","Street Condition","Pothole","MANHATTAN","Closed"
"69236858","2026-06-04T22:14:54","2026-06-04T22:14:54","Street Condition","Pothole","BROOKLYN","Closed"
"69236859","2026-06-04T19:38:32","2026-06-04T19:38:32","Street Condition","Pothole","BROOKLYN","Closed"
"69236860","2026-06-03T14:10:36","2026-06-04T11:09:00","Street Condition","Pothole","BROOKLYN","Closed"
"69236861","2026-06-04T11:48:37","2026-06-04T11:48:37","Street Condition","Pothole","BROOKLYN","Closed"
"69236862","2026-06-03T11:11:19","2026-06-04T09:25:00","Street Condition","Pothole","BROOKLYN","Closed"
"69238301","2026-06-03T15:10:38","2026-06-04T12:00:00","Street Condition","Pothole","MANHATTAN","Closed"
"69241266","2026-06-04T05:06:44","2026-06-04T14:44:00","Street Condition","Pothole","QUEENS","Closed"
"69238302","2026-06-04T22:09:00","2026-06-04T22:09:00","Street Condition","Pothole","BROOKLYN","Closed"
"69238303","2026-06-03T11:13:52","2026-06-04T10:30:00","Street Condition","Pothole","BROOKLYN","Closed"
"69238304","2026-06-03T11:13:23","2026-06-04T10:15:00","Street Condition","Pothole","BROOKLYN","Closed"
"69237280","2026-06-04T16:59:15","2026-06-10T20:22:00","Street Condition","Pothole","QUEENS","Closed"
"69238306","2026-06-03T11:06:00","2026-06-04T08:22:00","Street Condition","Pothole","BROOKLYN","Closed"
"69241267","2026-06-04T01:02:02","2026-06-04T10:00:00","Street Condition","Pothole","MANHATTAN","Closed"
"69238307","2026-06-03T11:05:22","2026-06-04T08:15:00","Street Condition","Pothole","BROOKLYN","Closed"
"69239821","2026-06-03T01:00:11","2026-06-04T17:40:00","Street Condition","Pothole","MANHATTAN","Closed"
"69239822","2026-06-03T00:58:23","2026-06-04T17:09:00","Street Condition","Pothole","MANHATTAN","Closed"
"69238299","2026-06-04T08:54:49","2026-06-04T19:25:00","Street Condition","Pothole","QUEENS","Closed"
"69238300","2026-06-04T08:50:38","2026-06-04T16:23:00","Street Condition","Pothole","QUEENS","Closed"
"69238294","2026-06-04T17:24:44","2026-06-04T17:24:44","Street Condition","Pothole","BRONX","Closed"
"69238295","2026-06-04T23:01:33","2026-06-04T23:01:33","Street Condition","Pothole","QUEENS","Closed"
"69238296","2026-06-04T12:55:39","2026-06-04T19:33:00","Street Condition","Pothole","QUEENS","Closed"
"69238297","2026-06-04T09:53:46","2026-06-04T21:44:00","Street Condition","Pothole","QUEENS","Closed"
"69238298","2026-06-04T09:11:55","2026-06-04T19:35:00","Street Condition","Pothole","QUEENS","Closed"
"69239823","2026-06-04T11:41:57","2026-06-04T11:41:57","Street Condition","Pothole","BROOKLYN","Closed"
"69238740","2026-06-04T10:11:14","2026-06-11T23:16:00","Street Condition","Pothole","STATEN ISLAND","Closed"
"69238743","2026-06-04T19:43:59","2026-06-04T20:22:00","Street Condition","Pothole","QUEENS","Closed"
"69238741","2026-06-04T20:42:13","2026-06-09T12:55:00","Street Condition","Pothole","QUEENS","Closed"
"69239824","2026-06-03T11:08:58","2026-06-04T08:30:00","Street Condition","Pothole","BROOKLYN","Closed"
"69239809","2026-06-04T22:34:32","2026-06-04T22:34:32","Street Condition","Pothole","BRONX","Closed"
"69239810","2026-06-04T09:36:48","2026-06-04T09:36:48","Street Condition","Pothole","BRONX","Closed"
"69239811","2026-06-04T23:29:20","2026-06-04T23:29:20","Street Condition","Pothole","QUEENS","Closed"
"69239812","2026-06-04T23:01:34","2026-06-04T23:01:34","Street Condition","Pothole","QUEENS","Closed"
"69239813","2026-06-04T23:01:34","2026-06-04T23:01:34","Street Condition","Pothole","QUEENS","Closed"
"69239814","2026-06-04T20:59:40","2026-06-04T20:59:40","Street Condition","Pothole","QUEENS","Closed"
"69239815","2026-06-04T20:19:13","2026-06-04T20:19:13","Street Condition","Pothole","QUEENS","Closed"
"69239818","2026-06-04T08:07:27","2026-06-04T21:56:00","Street Condition","Pothole","QUEENS","Closed"
"69239819","2026-06-03T01:12:12","2026-06-04T22:25:00","Street Condition","Pothole","MANHATTAN","Closed"
"69239820","2026-06-03T01:10:22","2026-06-04T21:30:00","Street Condition","Pothole","MANHATTAN","Closed"
"69240264","2026-06-04T19:54:29","2026-06-05T08:35:00","Street Condition","Pothole","MANHATTAN","Closed"
"69240263","2026-06-04T13:41:24","2026-06-04T21:45:00","Street Condition","Pothole","QUEENS","Closed"
"69241268","2026-06-04T22:03:40","2026-06-04T22:03:40","Street Condition","Pothole","MANHATTAN","Closed"
"69241269","2026-06-04T18:48:51","2026-06-04T18:48:51","Street Condition","Pothole","BROOKLYN","Closed"
"69241270","2026-06-04T16:59:55","2026-06-04T16:59:55","Street Condition","Pothole","BROOKLYN","Closed"
"69241271","2026-06-04T11:46:14","2026-06-04T11:46:14","Street Condition","Pothole","BROOKLYN","Closed"
"69241263","2026-06-04T10:49:09","2026-06-04T18:34:00","Street Condition","Pothole","QUEENS","Closed"
"69241264","2026-06-04T10:48:34","2026-06-04T10:48:34","Street Condition","Pothole","QUEENS","Closed"
"69241265","2026-06-04T10:37:37","2026-06-04T21:22:00","Street Condition","Pothole","QUEENS","Closed"
"69241257","2026-06-04T08:23:34","2026-06-04T08:23:34","Street Condition","Pothole","BRONX","Closed"
"69241258","2026-06-03T00:17:02","2026-06-04T18:15:00","Street Condition","Pothole","QUEENS","Closed"
"69241259","2026-06-04T23:01:35","2026-06-04T23:01:35","Street Condition","Pothole","QUEENS","Closed"
"69241260","2026-06-04T23:01:32","2026-06-04T23:01:32","Street Condition","Pothole","QUEENS","Closed"
"69241262","2026-06-04T13:19:45","2026-06-04T20:00:00","Street Condition","Pothole","QUEENS","Closed"
"69242772","2026-06-04T09:01:28","2026-06-04T09:01:28","Street Condition","Pothole","QUEENS","Closed"
"69242773","2026-06-04T08:14:38","2026-06-04T20:22:00","Street Condition","Pothole","QUEENS","Closed"
"69242774","2026-06-04T06:57:43","2026-06-04T20:22:00","Street Condition","Pothole","QUEENS","Closed"
"69242775","2026-06-04T06:55:23","2026-06-04T22:22:00","Street Condition","Pothole","QUEENS","Closed"
"69242776","2026-06-04T06:08:32","2026-06-04T20:22:00","Street Condition","Pothole","QUEENS","Closed"
"69242777","2026-06-04T22:14:10","2026-06-04T22:14:10","Street Condition","Pothole","BROOKLYN","Closed"
"69242778","2026-06-03T11:10:58","2026-06-04T09:20:00","Street Condition","Pothole","BROOKLYN","Closed"
"69244296","2026-06-04T13:59:18","2026-06-04T13:59:18","Street Condition","Pothole","BRONX","Closed"
"69242762","2026-06-04T11:28:53","2026-06-04T11:28:53","Street Condition","Pothole","BRONX","Closed"
"69242763","2026-06-04T09:37:10","2026-06-04T09:37:10","Street Condition","Pothole","STATEN ISLAND","Closed"
"69242764","2026-06-03T00:18:43","2026-06-04T21:25:00","Street Condition","Pothole","QUEENS","Closed"
"69244297","2026-06-03T00:13:33","2026-06-04T16:15:00","Street Condition","Pothole","QUEENS","Closed"
"69244312","2026-06-03T13:48:32","2026-06-04T09:05:00","Street Condition","Pothole","BROOKLYN","Closed"
"69242765","2026-06-04T23:01:34","2026-06-04T23:01:34","Street Condition","Pothole","QUEENS","Closed"
"69242766","2026-06-04T22:38:24","2026-06-04T22:38:24","Street Condition","Pothole","QUEENS","Closed"
"69242767","2026-06-04T18:32:39","2026-06-04T18:32:39","Street Condition","Pothole","QUEENS","Closed"
"69242768","2026-06-04T12:47:58","2026-06-04T18:11:00","Street Condition","Pothole","QUEENS","Closed"
"69242769","2026-06-04T12:18:00","2026-06-04T12:18:00","Street Condition","Pothole","QUEENS","Closed"
"69242770","2026-06-04T11:27:42","2026-06-04T20:22:00","Street Condition","Pothole","QUEENS","Closed"
"69242771","2026-06-04T11:21:19","2026-06-04T11:21:19","Street Condition","Pothole","QUEENS","Closed"
"69244298","2026-06-04T23:01:33","2026-06-04T23:01:33","Street Condition","Pothole","QUEENS","Closed"
"69244313","2026-06-03T13:46:59","2026-06-04T08:35:00","Street Condition","Pothole","BROOKLYN","Closed"
"69243249","2026-06-04T16:44:59","2026-06-09T08:10:00","Street Condition","Pothole","QUEENS","Closed"
"69244299","2026-06-04T23:01:33","2026-06-04T23:01:33","Street Condition","Pothole","QUEENS","Closed"
"69244300","2026-06-04T16:55:52","2026-06-04T16:55:52","Street Condition","Pothole","QUEENS","Closed"
"69244301","2026-06-04T13:19:39","2026-06-04T20:22:00","Street Condition","Pothole","QUEENS","Closed"
"69244302","2026-06-04T12:46:06","2026-06-04T23:22:00","Street Condition","Pothole","QUEENS","Closed"
"69244303","2026-06-04T12:36:16","2026-06-04T12:36:16","Street Condition","Pothole","QUEENS","Closed"
"69244305","2026-06-04T08:46:38","2026-06-04T20:26:00","Street Condition","Pothole","QUEENS","Closed"
"69244306","2026-06-04T08:33:11","2026-06-04T20:22:00","Street Condition","Pothole","QUEENS","Closed"
"69244307","2026-06-04T07:37:06","2026-06-04T20:32:00","Street Condition","Pothole","QUEENS","Closed"
"69244308","2026-06-03T01:11:20","2026-06-04T22:00:00","Street Condition","Pothole","MANHATTAN","Closed"
"69244309","2026-06-04T22:15:35","2026-06-04T22:15:35","Street Condition","Pothole","BROOKLYN","Closed"
"69244310","2026-06-04T13:50:07","2026-06-04T13:50:07","Street Condition","Pothole","BROOKLYN","Closed"
"69244311","2026-06-03T13:49:24","2026-06-04T12:55:00","Street Condition","Pothole","BROOKLYN","Closed"
"69244314","2026-06-03T11:12:35","2026-06-04T09:54:00","Street Condition","Pothole","BROOKLYN","Closed"
"69244764","2026-06-04T13:20:22","2026-06-11T08:55:00","Street Condition","Pothole","STATEN ISLAND","Closed"
"69246326","2026-06-05T06:31:56","2026-06-05T21:22:00","Street Condition","Pothole","QUEENS","Closed"
"69247392","2026-06-04T14:18:04","2026-06-05T09:53:00","Street Condition","Pothole","QUEENS","Closed"
"69249558","2026-06-05T15:49:18","2026-06-12T11:53:00","Street Condition","Pothole","Unspecified","Closed"
"69254393","2026-06-05T21:07:08","2026-06-10T12:15:00","Street Condition","Pothole","MANHATTAN","Closed"
"69226645","2026-06-04T01:04:26","","Street Condition","Pothole","BROOKLYN","Open"
"69231290","2026-06-04T00:30:55","","Street Condition","Pothole","BROOKLYN","Open"
"69254396","2026-06-05T15:14:42","","Street Condition","Pothole","BROOKLYN","Open"
"69239817","2026-06-04T09:49:49","2026-06-04T17:35:00","Street Condition","Pothole","QUEENS","Closed"
"69240262","2026-06-04T13:44:07","2026-06-04T23:45:00","Street Condition","Pothole","QUEENS","Closed"
"69241737","2026-06-04T21:17:06","2026-06-04T22:22:00","Street Condition","Pothole","QUEENS","Closed"
"69243252","2026-06-04T13:39:17","","Street Condition","Pothole","QUEENS","Open"
"69234308","2026-06-04T15:34:41","","Street Condition","Pothole","BROOKLYN","Open"
"69235822","2026-06-04T19:33:28","","Street Condition","Pothole","BROOKLYN","Open"
"69234300","2026-06-04T15:25:57","","Street Condition","Pothole","QUEENS","Open"
"69282439","2026-06-07T19:45:37","2026-06-08T02:44:00","Street Condition","Pothole","QUEENS","Closed"
"69235826","2026-06-04T12:52:26","","Street Condition","Pothole","BROOKLYN","Open"
"69244773","2026-06-04T14:04:47","","Street Condition","Pothole","BROOKLYN","Open"
"69287397","2026-06-07T09:34:51","2026-06-08T02:12:00","Street Condition","Pothole","QUEENS","Closed"
"69287398","2026-06-06T18:40:39","2026-06-09T20:22:00","Street Condition","Pothole","QUEENS","Closed"
"69243254","2026-06-04T20:17:26","","Street Condition","Pothole","BROOKLYN","Open"
"69244769","2026-06-04T19:28:08","","Street Condition","Pothole","QUEENS","Open"
"69244774","2026-06-04T12:41:36","","Street Condition","Pothole","BROOKLYN","Open"
"69289077","2026-06-07T14:38:44","2026-06-09T04:56:00","Street Condition","Pothole","QUEENS","Closed"
"69240256","2026-06-05T00:25:17","2026-06-05T23:21:00","Street Condition","Pothole","QUEENS","Closed"
"69290687","2026-06-06T23:04:19","2026-06-07T21:22:00","Street Condition","Pothole","QUEENS","Closed"
"69290688","2026-06-06T20:21:44","2026-06-07T20:22:00","Street Condition","Pothole","QUEENS","Closed"
"69290689","2026-06-06T16:46:15","2026-06-07T02:23:00","Street Condition","Pothole","QUEENS","Closed"
"69291897","2026-06-07T01:16:17","2026-06-08T19:11:00","Street Condition","Pothole","BROOKLYN","Closed"
"69291930","2026-06-07T08:15:27","2026-06-07T08:15:27","Street Condition","Pothole","QUEENS","Closed"
"69292419","2026-06-07T14:18:53","2026-06-08T22:22:00","Street Condition","Pothole","QUEENS","Closed"
"69303222","2026-06-07T06:29:40","2026-06-09T02:30:00","Street Condition","Pothole","BROOKLYN","Closed"
"69211024","2026-06-02T06:55:33","2026-06-12T10:02:00","Street Condition","Pothole","Unspecified","Closed"
"69217274","2026-06-02T18:40:07","2026-06-12T13:45:00","Street Condition","Pothole","STATEN ISLAND","Closed"
"69249556","2026-06-05T18:06:52","2026-06-12T09:45:00","Street Condition","Pothole","BRONX","Closed"
"69287385","2026-06-07T14:42:59","2026-06-12T10:15:00","Street Condition","Pothole","BRONX","Closed"
"69289068","2026-06-06T10:45:09","2026-06-11T23:37:00","Street Condition","Pothole","STATEN ISLAND","Closed"
"69294118","2026-06-06T16:56:08","2026-06-12T10:04:00","Street Condition","Pothole","BRONX","Closed"
"69185044","2026-06-01T02:21:17","2026-06-01T02:21:17","Street Condition","Pothole","QUEENS","Closed"
"69187855","2026-06-01T01:43:05","2026-06-01T01:43:05","Street Condition","Pothole","BROOKLYN","Closed"
"69199479","2026-06-01T09:26:42","2026-06-01T21:23:00","Street Condition","Pothole","QUEENS","Closed"
"69205845","2026-06-01T07:25:22","2026-06-01T23:22:00","Street Condition","Pothole","QUEENS","Closed"
"69235824","2026-06-04T15:03:06","2026-06-05T09:15:00","Street Condition","Pothole","BROOKLYN","Closed"
"69235825","2026-06-04T15:02:25","2026-06-04T20:41:00","Street Condition","Pothole","BROOKLYN","Closed"
"69235827","2026-06-04T12:43:20","2026-06-05T10:55:00","Street Condition","Pothole","BROOKLYN","Closed"
"69249029","2026-06-05T16:34:53","2026-06-05T16:34:53","Street Condition","Pothole","QUEENS","Closed"
"69218390","2026-06-02T14:33:35","2026-06-02T20:22:00","Street Condition","Pothole","QUEENS","Closed"
"69249030","2026-06-04T14:34:35","2026-06-05T13:10:00","Street Condition","Pothole","QUEENS","Closed"
"69249031","2026-06-04T14:32:51","2026-06-05T10:25:00","Street Condition","Pothole","QUEENS","Closed"
"69249033","2026-06-03T09:16:56","2026-06-04T10:54:00","Street Condition","Pothole","QUEENS","Closed"
"69249034","2026-06-03T09:16:06","2026-06-04T10:36:00","Street Condition","Pothole","QUEENS","Closed"
"69221996","2026-06-03T17:44:35","2026-06-03T22:22:00","Street Condition","Pothole","QUEENS","Closed"
"69223519","2026-06-03T18:48:17","2026-06-03T21:22:00","Street Condition","Pothole","QUEENS","Closed"
"69223520","2026-06-03T17:51:25","2026-06-03T20:22:00","Street Condition","Pothole","QUEENS","Closed"
"69249035","2026-06-03T09:15:40","2026-06-04T10:27:00","Street Condition","Pothole","QUEENS","Closed"
"69225129","2026-06-03T08:32:01","2026-06-03T20:22:00","Street Condition","Pothole","QUEENS","Closed"
"69225130","2026-06-03T08:22:57","2026-06-03T19:34:00","Street Condition","Pothole","QUEENS","Closed"
"69227670","2026-06-02T01:37:09","2026-06-03T17:20:00","Street Condition","Pothole","MANHATTAN","Closed"
"69256009","2026-06-05T21:23:37","2026-06-05T23:22:00","Street Condition","Pothole","QUEENS","Closed"
"69229720","2026-06-03T11:54:29","2026-06-04T09:15:00","Street Condition","Pothole","BROOKLYN","Closed"
"69231292","2026-06-03T10:00:23","2026-06-04T08:57:00","Street Condition","Pothole","BROOKLYN","Closed"
"69231291","2026-06-03T10:27:08","2026-06-05T13:10:00","Street Condition","Pothole","BROOKLYN","Closed"
"69233802","2026-06-04T09:39:55","2026-06-04T18:11:00","Street Condition","Pothole","QUEENS","Closed"
"69235351","2026-06-04T14:18:49","2026-06-04T15:41:00","Street Condition","Pothole","MANHATTAN","Closed"
"69199972","2026-06-01T08:27:54","2026-06-05T10:30:00","Street Condition","Pothole","BROOKLYN","Closed"
"69201537","2026-06-01T17:57:35","2026-06-11T11:57:00","Street Condition","Pothole","BRONX","Closed"
"69206283","2026-06-01T10:31:35","2026-06-09T10:36:00","Street Condition","Pothole","BRONX","Closed"
"69207814","2026-06-01T09:16:00","2026-06-10T12:55:00","Street Condition","Pothole","BRONX","Closed"
"69211022","2026-06-02T11:08:58","2026-06-09T10:46:00","Street Condition","Pothole","BRONX","Closed"
"69218881","2026-06-02T11:07:16","2026-06-05T10:00:00","Street Condition","Pothole","BROOKLYN","Closed"
"69223517","2026-06-03T21:15:53","2026-06-04T02:22:00","Street Condition","Pothole","QUEENS","Closed"
"69225120","2026-06-03T13:33:45","2026-06-05T00:15:00","Street Condition","Pothole","QUEENS","Closed"
"69226641","2026-06-03T08:02:37","2026-06-05T03:35:00","Street Condition","Pothole","QUEENS","Closed"
"69228198","2026-06-03T15:27:59","2026-06-08T10:40:00","Street Condition","Pothole","BRONX","Closed"
"69229726","2026-06-03T18:45:24","2026-06-05T09:15:00","Street Condition","Pothole","QUEENS","Closed"
"69231283","2026-06-03T13:18:15","2026-06-05T12:10:00","Street Condition","Pothole","QUEENS","Closed"
"69231295","2026-06-03T21:02:22","2026-06-04T20:05:00","Street Condition","Pothole","QUEENS","Closed"
"69232818","2026-06-03T13:23:26","2026-06-05T09:30:00","Street Condition","Pothole","BROOKLYN","Closed"
"69232815","2026-06-03T07:10:10","2026-06-04T19:11:00","Street Condition","Pothole","QUEENS","Closed"
"69234304","2026-06-04T22:18:31","2026-06-05T11:55:00","Street Condition","Pothole","MANHATTAN","Closed"
"69234305","2026-06-04T11:44:00","2026-06-05T07:40:00","Street Condition","Pothole","MANHATTAN","Closed"
"69234306","2026-06-04T21:56:21","2026-06-05T08:40:00","Street Condition","Pothole","BROOKLYN","Closed"
"69234309","2026-06-04T14:47:38","2026-06-05T00:09:00","Street Condition","Pothole","BROOKLYN","Closed"
"69234310","2026-06-04T08:17:10","2026-06-04T21:47:00","Street Condition","Pothole","BROOKLYN","Closed"
"69235820","2026-06-04T19:47:10","2026-06-05T09:50:00","Street Condition","Pothole","MANHATTAN","Closed"
"69235821","2026-06-04T11:59:23","2026-06-05T13:15:00","Street Condition","Pothole","MANHATTAN","Closed"
"69235823","2026-06-04T16:31:00","2026-06-04T21:11:00","Street Condition","Pothole","BROOKLYN","Closed"
"69237282","2026-06-04T09:48:11","2026-06-05T08:20:00","Street Condition","Pothole","MANHATTAN","Closed"
"69237284","2026-06-04T11:38:12","2026-06-05T11:50:00","Street Condition","Pothole","BROOKLYN","Closed"
"69237285","2026-06-04T09:50:14","2026-06-05T08:00:00","Street Condition","Pothole","BROOKLYN","Closed"
"69237286","2026-06-04T08:26:34","2026-06-05T01:11:00","Street Condition","Pothole","BROOKLYN","Closed"
"69238751","2026-06-04T13:36:49","2026-06-05T08:45:00","Street Condition","Pothole","MANHATTAN","Closed"
"69238752","2026-06-04T09:54:35","2026-06-05T12:55:00","Street Condition","Pothole","MANHATTAN","Closed"
"69247387","2026-06-05T20:15:03","2026-06-05T20:15:03","Street Condition","Pothole","QUEENS","Closed"
"69240265","2026-06-04T18:51:36","2026-06-05T09:00:00","Street Condition","Pothole","BROOKLYN","Closed"
"69240266","2026-06-04T13:47:26","2026-06-05T09:40:00","Street Condition","Pothole","BROOKLYN","Closed"
"69241739","2026-06-04T16:28:56","2026-06-05T12:30:00","Street Condition","Pothole","QUEENS","Closed"
"69241738","2026-06-04T20:17:56","2026-06-04T21:22:00","Street Condition","Pothole","QUEENS","Closed"
"69247388","2026-06-05T18:25:09","2026-06-05T18:25:09","Street Condition","Pothole","QUEENS","Closed"
"69247389","2026-06-04T14:33:51","2026-06-05T11:15:00","Street Condition","Pothole","QUEENS","Closed"
"69243243","2026-06-04T10:18:18","2026-06-08T13:15:00","Street Condition","Pothole","BRONX","Closed"
"69247390","2026-06-04T14:28:47","2026-06-05T07:50:00","Street Condition","Pothole","QUEENS","Closed"
"69247391","2026-06-04T14:21:41","2026-06-05T11:26:00","Street Condition","Pothole","QUEENS","Closed"
"69244775","2026-06-04T11:47:14","2026-06-04T22:52:00","Street Condition","Pothole","BROOKLYN","Closed"
"69247393","2026-06-04T14:16:38","2026-06-05T08:41:00","Street Condition","Pothole","QUEENS","Closed"
"69247394","2026-06-03T09:21:58","2026-06-04T12:21:00","Street Condition","Pothole","QUEENS","Closed"
"69247396","2026-06-03T09:14:46","2026-06-04T10:06:00","Street Condition","Pothole","QUEENS","Closed"
"69247398","2026-06-04T14:15:04","2026-06-05T13:05:00","Street Condition","Pothole","BROOKLYN","Closed"
"69247399","2026-06-04T14:10:55","2026-06-05T11:24:00","Street Condition","Pothole","BROOKLYN","Closed"
"69247401","2026-06-03T07:55:22","2026-06-04T22:17:00","Street Condition","Pothole","BROOKLYN","Closed"
"69245759","2026-06-05T19:24:11","2026-06-05T19:24:11","Street Condition","Pothole","BROOKLYN","Closed"
"69245760","2026-06-04T14:13:54","2026-06-05T10:30:00","Street Condition","Pothole","BROOKLYN","Closed"
"69245761","2026-06-04T14:12:38","2026-06-05T13:40:00","Street Condition","Pothole","BROOKLYN","Closed"
"69245763","2026-06-04T12:55:20","2026-06-04T06:00:00","Street Condition","Pothole","BROOKLYN","Closed"
"69245764","2026-06-04T11:09:49","2026-06-05T13:30:00","Street Condition","Pothole","BROOKLYN","Closed"
"69245765","2026-06-04T11:07:00","2026-06-05T09:11:00","Street Condition","Pothole","BROOKLYN","Closed"
"69247385","2026-06-05T20:24:05","2026-06-05T20:24:05","Street Condition","Pothole","BRONX","Closed"
"69247386","2026-06-05T11:41:12","2026-06-05T11:41:12","Street Condition","Pothole","BRONX","Closed"
"69247955","2026-06-05T12:44:46","2026-06-05T21:22:00","Street Condition","Pothole","QUEENS","Closed"
"69249028","2026-06-04T07:00:53","2026-06-04T23:31:00","Street Condition","Pothole","STATEN ISLAND","Closed"
"69249025","2026-06-05T10:15:28","2026-06-05T10:15:28","Street Condition","Pothole","BRONX","Closed"
"69249026","2026-06-05T08:59:01","2026-06-05T08:59:01","Street Condition","Pothole","BRONX","Closed"
"69249027","2026-06-03T07:46:19","2026-06-04T08:35:00","Street Condition","Pothole","BRONX","Closed"
"69249568","2026-06-05T10:58:17","2026-06-08T08:36:00","Street Condition","Pothole","QUEENS","Closed"
"69246321","2026-06-05T16:15:09","2026-06-06T05:55:00","Street Condition","Pothole","QUEENS","Closed"
"69245756","2026-06-05T15:37:43","2026-06-05T15:37:43","Street Condition","Pothole","QUEENS","Closed"
"69250585","2026-06-04T11:07:28","2026-06-05T09:30:00","Street Condition","Pothole","BROOKLYN","Closed"
"69250586","2026-06-04T11:05:53","2026-06-05T08:20:00","Street Condition","Pothole","BROOKLYN","Closed"
"69250587","2026-06-03T07:57:01","2026-06-04T23:21:00","Street Condition","Pothole","BROOKLYN","Closed"
"69245762","2026-06-04T14:10:33","2026-06-05T11:08:00","Street Condition","Pothole","BROOKLYN","Closed"
"69250577","2026-06-03T09:24:52","2026-06-04T13:00:00","Street Condition","Pothole","QUEENS","Closed"
"69250578","2026-06-03T09:18:38","2026-06-04T11:15:00","Street Condition","Pothole","QUEENS","Closed"
"69250579","2026-06-03T09:18:16","2026-06-04T11:07:00","Street Condition","Pothole","QUEENS","Closed"
"69250580","2026-06-03T09:17:21","2026-06-04T10:59:00","Street Condition","Pothole","QUEENS","Closed"
"69250581","2026-06-04T14:11:47","2026-06-05T13:05:00","Street Condition","Pothole","BROOKLYN","Closed"
"69250582","2026-06-04T14:11:27","2026-06-05T12:00:00","Street Condition","Pothole","BROOKLYN","Closed"
"69250583","2026-06-04T12:54:37","2026-06-05T06:00:00","Street Condition","Pothole","BROOKLYN","Closed"
"69250584","2026-06-04T11:09:09","2026-06-05T12:30:00","Street Condition","Pothole","BROOKLYN","Closed"
"69246325","2026-06-05T07:23:22","2026-06-05T21:22:00","Street Condition","Pothole","QUEENS","Closed"
"69245758","2026-06-04T14:17:05","2026-06-05T09:00:00","Street Condition","Pothole","QUEENS","Closed"
"69251124","2026-06-05T21:18:59","2026-06-09T11:35:00","Street Condition","Pothole","BRONX","Closed"
"69247397","2026-06-03T09:11:57","2026-06-04T08:40:00","Street Condition","Pothole","QUEENS","Closed"
"69249561","2026-06-05T17:02:16","2026-06-05T21:23:00","Street Condition","Pothole","QUEENS","Closed"
"69249032","2026-06-03T09:22:27","2026-06-04T12:30:00","Street Condition","Pothole","QUEENS","Closed"
"69252189","2026-06-04T14:17:44","2026-06-05T09:36:00","Street Condition","Pothole","QUEENS","Closed"
"69252190","2026-06-03T09:23:48","2026-06-04T12:50:00","Street Condition","Pothole","QUEENS","Closed"
"69252191","2026-06-04T11:06:32","2026-06-05T08:50:00","Street Condition","Pothole","BROOKLYN","Closed"
"69249563","2026-06-05T15:00:12","2026-06-05T21:11:00","Street Condition","Pothole","QUEENS","Closed"
"69247400","2026-06-04T11:09:29","2026-06-05T12:57:00","Street Condition","Pothole","BROOKLYN","Closed"
"69247953","2026-06-05T16:02:28","2026-06-07T21:22:00","Street Condition","Pothole","QUEENS","Closed"
"69253833","2026-06-04T11:08:32","2026-06-05T10:00:00","Street Condition","Pothole","BROOKLYN","Closed"
"69253834","2026-06-04T11:08:09","2026-06-05T09:45:00","Street Condition","Pothole","BROOKLYN","Closed"
"69249574","2026-06-05T18:42:46","2026-06-08T11:05:00","Street Condition","Pothole","BROOKLYN","Closed"
"69253826","2026-06-05T15:11:38","2026-06-05T15:11:38","Street Condition","Pothole","BRONX","Closed"
"69253828","2026-06-03T09:22:56","2026-06-04T12:42:00","Street Condition","Pothole","QUEENS","Closed"
"69253829","2026-06-03T09:21:22","2026-06-04T12:15:00","Street Condition","Pothole","QUEENS","Closed"
"69253830","2026-06-03T09:13:55","2026-06-04T09:04:00","Street Condition","Pothole","QUEENS","Closed"
"69253831","2026-06-05T08:41:15","2026-06-05T08:41:15","Street Condition","Pothole","QUEENS","Closed"
"69253832","2026-06-04T14:18:38","2026-06-05T10:05:00","Street Condition","Pothole","BROOKLYN","Closed"
"69252816","2026-06-05T13:36:41","2026-06-05T20:23:00","Street Condition","Pothole","QUEENS","Closed"
"69249036","2026-06-04T14:12:13","2026-06-05T13:13:00","Street Condition","Pothole","BROOKLYN","Closed"
"69247395","2026-06-03T09:20:47","2026-06-04T12:09:00","Street Condition","Pothole","QUEENS","Closed"
"69247952","2026-06-05T19:28:13","2026-06-05T20:22:00","Street Condition","Pothole","QUEENS","Closed"
"69255455","2026-06-04T14:30:35","2026-06-05T09:40:00","Street Condition","Pothole","QUEENS","Closed"
"69255456","2026-06-04T14:21:19","2026-06-05T11:01:00","Street Condition","Pothole","QUEENS","Closed"
"69255457","2026-06-04T14:18:33","2026-06-05T10:31:00","Street Condition","Pothole","QUEENS","Closed"
"69255458","2026-06-04T14:14:24","2026-06-05T12:40:00","Street Condition","Pothole","BROOKLYN","Closed"
"69255459","2026-06-04T13:34:01","2026-06-05T06:00:00","Street Condition","Pothole","BROOKLYN","Closed"
"69255460","2026-06-04T11:08:54","2026-06-05T12:10:00","Street Condition","Pothole","BROOKLYN","Closed"
"69251134","2026-06-05T10:10:51","2026-06-05T22:22:00","Street Condition","Pothole","QUEENS","Closed"
"69256007","2026-06-05T10:39:53","2026-06-10T09:30:00","Street Condition","Pothole","STATEN ISLAND","Closed"
"69256008","2026-06-05T10:38:24","2026-06-10T09:50:00","Street Condition","Pothole","STATEN ISLAND","Closed"
"69252814","2026-06-05T16:18:10","2026-06-05T23:34:00","Street Condition","Pothole","QUEENS","Closed"
"69251129","2026-06-05T15:34:22","2026-06-05T22:22:00","Street Condition","Pothole","QUEENS","Closed"
"69255454","2026-06-04T14:38:15","2026-06-05T12:39:00","Street Condition","Pothole","QUEENS","Closed"
"69257118","2026-06-04T14:13:16","2026-06-05T10:00:00","Street Condition","Pothole","BROOKLYN","Closed"
"69257114","2026-06-03T09:20:16","2026-06-04T11:20:00","Street Condition","Pothole","QUEENS","Closed"
"69257115","2026-06-03T09:16:29","2026-06-04T10:44:00","Street Condition","Pothole","QUEENS","Closed"
"69257116","2026-06-03T09:15:20","2026-06-04T10:16:00","Street Condition","Pothole","QUEENS","Closed"
"69257117","2026-06-05T07:07:30","2026-06-05T07:07:30","Street Condition","Pothole","QUEENS","Closed"
"69257119","2026-06-04T14:09:53","2026-06-05T10:50:00","Street Condition","Pothole","BROOKLYN","Closed"
"69257120","2026-06-04T11:06:15","2026-06-05T08:31:00","Street Condition","Pothole","BROOKLYN","Closed"
"69257106","2026-06-05T10:18:05","2026-06-05T10:18:05","Street Condition","Pothole","BRONX","Closed"
"69257107","2026-06-04T07:00:00","2026-06-05T13:05:00","Street Condition","Pothole","STATEN ISLAND","Closed"
"69257108","2026-06-05T20:12:42","2026-06-05T20:12:42","Street Condition","Pothole","QUEENS","Closed"
"69257109","2026-06-05T17:49:58","2026-06-05T17:49:58","Street Condition","Pothole","QUEENS","Closed"
"69257110","2026-06-05T17:12:03","2026-06-05T17:12:03","Street Condition","Pothole","QUEENS","Closed"
"69257111","2026-06-05T14:44:45","2026-06-05T14:44:45","Street Condition","Pothole","QUEENS","Closed"
"69257112","2026-06-05T13:38:50","2026-06-05T13:38:50","Street Condition","Pothole","QUEENS","Closed"
"69257113","2026-06-03T09:25:32","2026-06-04T13:15:00","Street Condition","Pothole","QUEENS","Closed"
"69254389","2026-06-05T14:10:37","2026-06-05T20:33:00","Street Condition","Pothole","QUEENS","Closed"
"69257655","2026-06-05T18:51:32","2026-06-12T00:56:00","Street Condition","Pothole","STATEN ISLAND","Closed"
"69256026","2026-06-05T03:38:35","2026-06-05T22:24:00","Street Condition","Pothole","QUEENS","Closed"
"69257652","2026-06-05T16:42:25","2026-06-11T10:50:00","Street Condition","Pothole","BRONX","Closed"
"69254397","2026-06-05T13:25:38","","Street Condition","Pothole","BROOKLYN","Open"
"69256017","2026-06-05T15:03:56","2026-06-05T21:04:00","Street Condition","Pothole","QUEENS","Closed"
"69254394","2026-06-05T09:04:10","2026-06-08T07:55:00","Street Condition","Pothole","MANHATTAN","Closed"
"69254384","2026-06-05T19:24:36","","Street Condition","Pothole","QUEENS","Open"
"69254399","2026-06-04T11:10:08","2026-06-08T13:40:00","Street Condition","Pothole","BROOKLYN","Closed"
"69211019","2026-06-02T19:52:14","2026-06-15T07:00:00","Street Condition","Pothole","BRONX","Closed"
"69238742","2026-06-04T20:02:35","2026-06-09T10:10:00","Street Condition","Pothole","QUEENS","Closed"
"69238746","2026-06-04T16:43:47","2026-06-09T07:50:00","Street Condition","Pothole","QUEENS","Closed"
"69196772","2026-06-01T13:15:47","2026-06-10T12:07:00","Street Condition","Pothole","BRONX","Closed"
"69252815","2026-06-05T15:02:22","2026-06-09T10:48:00","Street Condition","Pothole","QUEENS","Closed"
"69252819","2026-06-05T10:35:04","2026-06-09T09:52:00","Street Condition","Pothole","QUEENS","Closed"
"69207815","2026-06-01T12:13:18","2026-06-09T12:50:00","Street Condition","Pothole","STATEN ISLAND","Closed"
"69252821","2026-06-05T08:56:19","2026-06-09T11:09:00","Street Condition","Pothole","QUEENS","Closed"
"69211023","2026-06-02T05:30:03","2026-06-10T06:41:00","Street Condition","Pothole","BRONX","Closed"
"69212613","2026-06-02T09:19:58","2026-06-09T11:10:00","Street Condition","Pothole","BRONX","Closed"
"69218873","2026-06-02T17:30:59","2026-06-09T10:05:00","Street Condition","Pothole","BRONX","Closed"
"69226649","2026-06-02T13:31:18","2026-06-09T09:45:00","Street Condition","Pothole","BROOKLYN","Closed"
"69229257","2026-06-03T12:07:39","2026-06-09T10:00:00","Street Condition","Pothole","STATEN ISLAND","Closed"
"69235813","2026-06-04T07:02:47","2026-06-09T10:20:00","Street Condition","Pothole","BRONX","Closed"
"69235811","2026-06-04T16:33:41","2026-06-10T10:35:00","Street Condition","Pothole","BRONX","Closed"
"69241734","2026-06-04T18:59:16","2026-06-09T21:44:00","Street Condition","Pothole","STATEN ISLAND","Closed"
"69243244","2026-06-04T08:58:04","2026-06-10T09:10:00","Street Condition","Pothole","STATEN ISLAND","Closed"
"69244762","2026-06-04T14:19:38","2026-06-09T13:25:00","Street Condition","Pothole","BRONX","Closed"
"69244761","2026-06-04T16:20:56","2026-06-10T09:00:00","Street Condition","Pothole","BRONX","Closed"
"69247958","2026-06-05T09:38:59","2026-06-07T03:23:00","Street Condition","Pothole","QUEENS","Closed"
"69254392","2026-06-05T09:54:59","2026-06-09T09:34:00","Street Condition","Pothole","QUEENS","Closed"
"69256010","2026-06-05T20:39:20","2026-06-09T09:12:00","Street Condition","Pothole","QUEENS","Closed"
"69257653","2026-06-05T15:57:34","","Street Condition","Pothole","BRONX","Pending"
"69257656","2026-06-05T19:42:47","2026-06-09T11:20:00","Street Condition","Pothole","QUEENS","Closed"
"69257668","2026-06-05T06:15:14","2026-06-09T10:45:00","Street Condition","Pothole","QUEENS","Closed"
"69282423","2026-06-07T09:04:09","2026-06-09T09:01:00","Street Condition","Pothole","BROOKLYN","Closed"
"69282427","2026-06-07T15:29:46","2026-06-09T11:20:00","Street Condition","Pothole","BRONX","Closed"
"69282416","2026-06-07T11:18:03","2026-06-09T10:25:00","Street Condition","Pothole","MANHATTAN","Closed"
"69282418","2026-06-06T10:53:12","","Street Condition","Pothole","MANHATTAN","Pending"
"69282443","2026-06-07T10:00:54","2026-06-09T13:01:00","Street Condition","Pothole","QUEENS","Closed"
"69282441","2026-06-07T13:51:10","2026-06-08T22:22:00","Street Condition","Pothole","QUEENS","Closed"
"69284085","2026-06-07T14:30:03","2026-06-09T08:50:00","Street Condition","Pothole","BROOKLYN","Closed"
"69284099","2026-06-07T22:36:09","2026-06-09T12:44:00","Street Condition","Pothole","QUEENS","Closed"
"69285682","2026-06-07T10:32:41","2026-06-09T09:15:00","Street Condition","Pothole","BROOKLYN","Closed"
"69285686","2026-06-06T20:27:06","2026-06-09T11:05:00","Street Condition","Pothole","BRONX","Closed"
"69285709","2026-06-07T21:26:29","2026-06-09T11:10:00","Street Condition","Pothole","MANHATTAN","Closed"
"69285696","2026-06-07T18:59:31","2026-06-08T06:32:00","Street Condition","Pothole","QUEENS","Closed"
"69287380","2026-06-07T17:34:57","2026-06-09T02:04:00","Street Condition","Pothole","BROOKLYN","Closed"
"69287374","2026-06-07T09:00:42","2026-06-09T12:30:00","Street Condition","Pothole","MANHATTAN","Closed"
"69287376","2026-06-06T13:12:50","2026-06-09T09:30:00","Street Condition","Pothole","MANHATTAN","Closed"
"69287386","2026-06-07T14:41:30","","Street Condition","Pothole","BRONX","Pending"
"69287399","2026-06-06T14:59:36","2026-06-07T04:45:00","Street Condition","Pothole","QUEENS","Closed"
"69290677","2026-06-07T19:17:26","2026-06-09T23:45:00","Street Condition","Pothole","STATEN ISLAND","Closed"
"69289080","2026-06-06T12:57:02","2026-06-09T08:57:00","Street Condition","Pothole","QUEENS","Closed"
"69289084","2026-06-07T21:41:19","2026-06-09T10:35:00","Street Condition","Pothole","MANHATTAN","Closed"
"69290671","2026-06-04T07:33:35","2026-06-09T09:20:00","Street Condition","Pothole","BROOKLYN","Closed"
"69292399","2026-06-07T15:55:58","2026-06-09T09:27:00","Street Condition","Pothole","BROOKLYN","Closed"
"69292405","2026-06-07T11:00:45","2026-06-09T10:56:00","Street Condition","Pothole","BRONX","Closed"
"69292406","2026-06-07T10:12:48","2026-06-09T10:55:00","Street Condition","Pothole","BRONX","Closed"
"69292408","2026-06-06T13:05:51","2026-06-09T12:55:00","Street Condition","Pothole","BRONX","Closed"
"69292422","2026-06-06T19:22:32","2026-06-09T08:23:00","Street Condition","Pothole","QUEENS","Closed"
"69292423","2026-06-06T18:54:02","2026-06-09T08:08:00","Street Condition","Pothole","QUEENS","Closed"
"69294112","2026-06-06T08:09:17","2026-06-09T10:55:00","Street Condition","Pothole","MANHATTAN","Closed"
"69294114","2026-06-07T14:43:49","","Street Condition","Pothole","BROOKLYN","Pending"
"69298500","2026-06-07T06:19:36","2026-06-08T22:28:00","Street Condition","Pothole","BROOKLYN","Closed"
"69196777","2026-06-01T14:01:52","2026-06-03T08:35:00","Street Condition","Pothole","BROOKLYN","Closed"
"69198312","2026-06-01T19:03:03","2026-06-03T09:00:00","Street Condition","Pothole","STATEN ISLAND","Closed"
"69199969","2026-06-01T22:45:32","2026-06-03T11:45:00","Street Condition","Pothole","BROOKLYN","Closed"
"69203172","2026-06-01T10:14:55","2026-06-03T08:25:00","Street Condition","Pothole","MANHATTAN","Closed"
"69227674","2026-06-02T14:54:26","2026-06-03T13:20:00","Street Condition","Pothole","BROOKLYN","Closed"
"69207823","2026-06-01T13:39:29","2026-06-02T13:00:00","Street Condition","Pothole","Unspecified","Closed"
"69209460","2026-06-02T23:48:08","2026-06-03T08:00:00","Street Condition","Pothole","QUEENS","Closed"
"69209465","2026-06-02T16:33:30","2026-06-03T09:20:00","Street Condition","Pothole","QUEENS","Closed"
"69209467","2026-06-02T09:50:59","2026-06-03T11:35:00","Street Condition","Pothole","MANHATTAN","Closed"
"69209468","2026-06-02T05:39:51","2026-06-03T08:00:00","Street Condition","Pothole","MANHATTAN","Closed"
"69209471","2026-06-02T18:45:48","2026-06-03T09:40:00","Street Condition","Pothole","BROOKLYN","Closed"
"69211026","2026-06-02T17:44:49","2026-06-03T12:50:00","Street Condition","Pothole","QUEENS","Closed"
"69211029","2026-06-02T19:54:38","2026-06-03T12:17:00","Street Condition","Pothole","BROOKLYN","Closed"
"69212612","2026-06-02T12:26:51","2026-06-03T11:56:00","Street Condition","Pothole","BRONX","Closed"
"69214151","2026-06-02T12:38:28","2026-06-03T12:40:00","Street Condition","Pothole","STATEN ISLAND","Closed"
"69214152","2026-06-02T22:44:13","2026-06-03T12:30:00","Street Condition","Pothole","QUEENS","Closed"
"69214163","2026-06-02T08:16:46","2026-06-03T15:33:00","Street Condition","Pothole","MANHATTAN","Closed"
"69214164","2026-06-02T21:24:26","2026-06-03T08:55:00","Street Condition","Pothole","BROOKLYN","Closed"
"69214167","2026-06-02T12:35:55","2026-06-03T10:15:00","Street Condition","Pothole","BROOKLYN","Closed"
"69214161","2026-06-02T13:22:11","2026-06-04T09:55:00","Street Condition","Pothole","MANHATTAN","Closed"
"69215695","2026-06-02T16:16:07","2026-06-03T11:20:00","Street Condition","Pothole","MANHATTAN","Closed"
"69215696","2026-06-02T08:52:37","2026-06-03T07:15:00","Street Condition","Pothole","MANHATTAN","Closed"
"69215697","2026-06-02T22:36:14","2026-06-03T10:40:00","Street Condition","Pothole","BROOKLYN","Closed"
"69215698","2026-06-02T20:51:31","2026-06-03T06:00:00","Street Condition","Pothole","BROOKLYN","Closed"
"69215702","2026-06-02T13:46:37","2026-06-03T08:40:00","Street Condition","Pothole","BROOKLYN","Closed"
"69215703","2026-06-02T12:02:34","2026-06-03T10:25:00","Street Condition","Pothole","BROOKLYN","Closed"
"69215700","2026-06-02T17:49:55","2026-06-05T08:20:00","Street Condition","Pothole","BROOKLYN","Closed"
"69223035","2026-06-03T07:31:24","2026-06-03T07:31:24","Street Condition","Pothole","STATEN ISLAND","Closed"
"69217280","2026-06-02T14:00:13","2026-06-03T09:35:00","Street Condition","Pothole","BROOKLYN","Closed"
"69217277","2026-06-02T10:32:45","2026-06-03T09:40:00","Street Condition","Pothole","MANHATTAN","Closed"
"69217282","2026-06-02T10:32:25","2026-06-03T09:25:00","Street Condition","Pothole","BROOKLYN","Closed"
"69218875","2026-06-02T23:47:18","2026-06-03T08:30:00","Street Condition","Pothole","QUEENS","Closed"
"69218876","2026-06-02T20:26:35","2026-06-03T20:22:00","Street Condition","Pothole","QUEENS","Closed"
"69218877","2026-06-02T19:25:05","2026-06-02T22:06:00","Street Condition","Pothole","QUEENS","Closed"
"69227675","2026-06-02T14:51:14","2026-06-03T10:59:00","Street Condition","Pothole","BROOKLYN","Closed"
"69227677","2026-06-03T07:53:32","2026-06-03T07:53:32","Street Condition","Pothole","BRONX","Closed"
"69220466","2026-06-02T10:45:14","","Street Condition","Pothole","STATEN ISLAND","Pending"
"69220474","2026-06-02T13:56:00","2026-06-03T13:45:00","Street Condition","Pothole","MANHATTAN","Closed"
"69223036","2026-06-03T23:39:10","2026-06-03T23:39:10","Street Condition","Pothole","QUEENS","Closed"
"69221491","2026-06-02T01:39:48","2026-06-04T18:55:00","Street Condition","Pothole","MANHATTAN","Closed"
"69221493","2026-06-02T14:53:18","2026-06-03T12:28:00","Street Condition","Pothole","BROOKLYN","Closed"
"69221494","2026-06-02T14:19:40","2026-06-03T06:00:00","Street Condition","Pothole","BROOKLYN","Closed"
"69221495","2026-06-03T14:36:00","2026-06-03T14:36:00","Street Condition","Pothole","BRONX","Closed"
"69221496","2026-06-03T07:43:30","2026-06-03T07:43:30","Street Condition","Pothole","BRONX","Closed"
"69221498","2026-06-03T06:56:04","2026-06-03T06:56:04","Street Condition","Pothole","STATEN ISLAND","Closed"
"69221499","2026-06-03T20:59:12","2026-06-03T20:59:12","Street Condition","Pothole","QUEENS","Closed"
"69221500","2026-06-03T18:19:55","2026-06-03T18:19:55","Street Condition","Pothole","QUEENS","Closed"
"69221991","2026-06-03T10:43:14","2026-06-10T12:25:00","Street Condition","Pothole","BRONX","Closed"
"69221990","2026-06-03T15:11:28","2026-06-12T10:02:00","Street Condition","Pothole","BRONX","Closed"
"69290685","2026-06-07T09:27:33","2026-06-08T03:00:00","Street Condition","Pothole","QUEENS","Closed"
"69223026","2026-06-02T01:48:22","2026-06-03T23:00:00","Street Condition","Pothole","BROOKLYN","Closed"
"69223027","2026-06-02T14:54:04","2026-06-03T14:00:00","Street Condition","Pothole","BROOKLYN","Closed"
"69223028","2026-06-02T14:51:47","2026-06-03T11:20:00","Street Condition","Pothole","BROOKLYN","Closed"
"69223029","2026-06-02T14:50:45","2026-06-03T10:22:00","Street Condition","Pothole","BROOKLYN","Closed"
"69223032","2026-06-03T13:51:27","2026-06-03T13:51:27","Street Condition","Pothole","BROOKLYN","Closed"
"69223033","2026-06-01T07:23:28","2026-06-02T15:10:00","Street Condition","Pothole","BROOKLYN","Closed"
"69223034","2026-06-03T07:44:21","2026-06-03T07:44:21","Street Condition","Pothole","BRONX","Closed"
"69223021","2026-06-03T16:36:32","2026-06-03T16:36:32","Street Condition","Pothole","QUEENS","Closed"
"69223022","2026-06-02T15:30:55","2026-06-03T10:36:00","Street Condition","Pothole","QUEENS","Closed"
"69223023","2026-06-02T15:19:27","2026-06-03T09:00:00","Street Condition","Pothole","QUEENS","Closed"
"69223024","2026-06-03T10:04:24","2026-06-03T10:04:24","Street Condition","Pothole","QUEENS","Closed"
"69223025","2026-06-02T01:41:50","2026-06-03T19:30:00","Street Condition","Pothole","MANHATTAN","Closed"
"69223514","2026-06-03T17:22:14","2026-06-10T01:44:00","Street Condition","Pothole","STATEN ISLAND","Closed"
"69224625","2026-06-03T13:38:36","2026-06-03T13:38:36","Street Condition","Pothole","QUEENS","Closed"
"69224626","2026-06-03T10:53:26","2026-06-03T10:53:26","Street Condition","Pothole","QUEENS","Closed"
"69224628","2026-06-03T16:08:45","2026-06-03T16:08:45","Street Condition","Pothole","BROOKLYN","Closed"
"69224629","2026-06-02T14:53:08","2026-06-03T12:15:00","Street Condition","Pothole","BROOKLYN","Closed"
"69224631","2026-06-03T07:42:00","2026-06-03T07:42:00","Street Condition","Pothole","BRONX","Closed"
"69224632","2026-06-03T07:15:22","2026-06-03T07:15:22","Street Condition","Pothole","BRONX","Closed"
"69225136","2026-06-03T07:36:51","2026-06-08T10:15:00","Street Condition","Pothole","BRONX","Closed"
"69225138","2026-06-03T20:57:56","2026-06-04T00:56:00","Street Condition","Pothole","QUEENS","Closed"
"69226170","2026-06-02T15:31:22","2026-06-03T12:41:00","Street Condition","Pothole","QUEENS","Closed"
"69226171","2026-06-03T10:53:48","2026-06-03T10:53:48","Street Condition","Pothole","QUEENS","Closed"
"69226172","2026-06-03T07:50:58","2026-06-03T07:50:58","Street Condition","Pothole","QUEENS","Closed"
"69226173","2026-06-02T14:52:58","2026-06-03T12:15:00","Street Condition","Pothole","BROOKLYN","Closed"
"69226174","2026-06-02T14:50:07","2026-06-03T09:58:00","Street Condition","Pothole","BROOKLYN","Closed"
"69226175","2026-06-02T10:45:14","2026-06-03T13:58:04","Street Condition","Pothole","STATEN ISLAND","Closed"
"69226176","2026-06-03T16:47:01","2026-06-03T16:47:01","Street Condition","Pothole","QUEENS","Closed"
"69226650","2026-06-03T11:59:04","2026-06-04T10:40:00","Street Condition","Pothole","BROOKLYN","Closed"
"69227669","2026-06-04T01:40:11","2026-06-04T01:40:11","Street Condition","Pothole","MANHATTAN","Closed"
"69227671","2026-06-02T01:34:44","2026-06-03T16:45:00","Street Condition","Pothole","MANHATTAN","Closed"
"69227672","2026-06-03T22:57:31","2026-06-03T22:57:31","Street Condition","Pothole","MANHATTAN","Closed"
"69227664","2026-06-03T16:18:43","2026-06-03T16:18:43","Street Condition","Pothole","QUEENS","Closed"
"69227667","2026-06-02T15:13:41","2026-06-03T11:30:00","Street Condition","Pothole","QUEENS","Closed"
"69227668","2026-06-03T05:45:06","2026-06-03T05:45:06","Street Condition","Pothole","QUEENS","Closed"
"69227673","2026-06-02T01:46:37","2026-06-03T22:15:00","Street Condition","Pothole","BROOKLYN","Closed"
"69229263","2026-06-02T15:20:50","2026-06-03T09:12:00","Street Condition","Pothole","QUEENS","Closed"
"69229265","2026-06-03T10:52:37","2026-06-03T10:52:37","Street Condition","Pothole","QUEENS","Closed"
"69229266","2026-06-02T01:38:22","2026-06-03T18:20:00","Street Condition","Pothole","MANHATTAN","Closed"
"69229267","2026-06-03T17:11:07","2026-06-03T17:11:07","Street Condition","Pothole","BROOKLYN","Closed"
"69229268","2026-06-03T11:37:39","2026-06-03T11:37:39","Street Condition","Pothole","STATEN ISLAND","Closed"
"69229711","2026-06-03T11:34:54","2026-06-04T09:30:00","Street Condition","Pothole","QUEENS","Closed"
"69230780","2026-06-02T15:16:48","2026-06-03T08:26:00","Street Condition","Pothole","QUEENS","Closed"
"69230781","2026-06-02T15:14:10","2026-06-03T13:25:00","Street Condition","Pothole","QUEENS","Closed"
"69230782","2026-06-02T14:51:49","2026-06-03T11:28:00","Street Condition","Pothole","BROOKLYN","Closed"
"69230783","2026-06-02T14:51:31","2026-06-03T11:12:00","Street Condition","Pothole","BROOKLYN","Closed"
"69230785","2026-06-03T21:13:28","2026-06-03T21:13:28","Street Condition","Pothole","QUEENS","Closed"
"69231293","2026-06-04T00:28:05","2026-06-04T20:22:00","Street Condition","Pothole","QUEENS","Closed"
"69231294","2026-06-03T22:02:47","2026-06-03T23:21:00","Street Condition","Pothole","QUEENS","Closed"
"69232333","2026-06-02T15:22:15","2026-06-03T09:24:00","Street Condition","Pothole","QUEENS","Closed"
"69232334","2026-06-03T14:19:28","2026-06-03T14:19:28","Street Condition","Pothole","QUEENS","Closed"
"69232335","2026-06-04T01:44:38","2026-06-04T01:44:38","Street Condition","Pothole","MANHATTAN","Closed"
"69232336","2026-06-03T17:33:59","2026-06-03T17:33:59","Street Condition","Pothole","MANHATTAN","Closed"
"69232340","2026-06-02T14:52:08","2026-06-03T11:30:00","Street Condition","Pothole","BROOKLYN","Closed"
"69232341","2026-06-02T14:49:21","2026-06-03T09:15:00","Street Condition","Pothole","BROOKLYN","Closed"
"69232342","2026-06-02T14:19:05","2026-06-03T10:41:00","Street Condition","Pothole","BROOKLYN","Closed"
"69232343","2026-06-02T14:17:35","2026-06-03T10:01:00","Street Condition","Pothole","BROOKLYN","Closed"
"69232344","2026-06-03T23:28:11","2026-06-03T23:28:11","Street Condition","Pothole","STATEN ISLAND","Closed"
"69232345","2026-06-03T07:30:07","2026-06-03T14:00:00","Street Condition","Pothole","STATEN ISLAND","Closed"
"69239816","2026-06-04T13:15:44","2026-06-04T19:12:00","Street Condition","Pothole","QUEENS","Closed"
"69240258","2026-06-04T18:40:02","2026-06-04T21:22:00","Street Condition","Pothole","QUEENS","Closed"
"69241261","2026-06-04T18:32:39","2026-06-04T18:32:39","Street Condition","Pothole","QUEENS","Closed"
"69244304","2026-06-04T12:16:25","2026-06-04T17:47:00","Street Condition","Pothole","QUEENS","Closed"
"69244776","2026-06-04T09:10:07","2026-06-10T10:48:00","Street Condition","Pothole","BROOKLYN","Closed"
"69245757","2026-06-05T14:30:20","2026-06-05T14:30:20","Street Condition","Pothole","QUEENS","Closed"
"69246322","2026-06-05T15:57:50","2026-06-09T08:35:00","Street Condition","Pothole","QUEENS","Closed"
"69247954","2026-06-05T13:30:20","2026-06-08T03:30:00","Street Condition","Pothole","QUEENS","Closed"
"69249564","2026-06-05T14:02:18","2026-06-05T21:22:00","Street Condition","Pothole","QUEENS","Closed"
"69249562","2026-06-05T15:06:14","2026-06-09T13:36:00","Street Condition","Pothole","QUEENS","Closed"
"69251138","2026-06-05T22:45:46","2026-06-08T07:20:00","Street Condition","Pothole","MANHATTAN","Closed"
"69252811","2026-06-05T20:19:25","2026-06-08T08:40:00","Street Condition","Pothole","BRONX","Closed"
"69253827","2026-06-04T14:29:15","2026-06-05T08:00:00","Street Condition","Pothole","QUEENS","Closed"
"69257657","2026-06-05T18:43:55","2026-06-07T03:06:00","Street Condition","Pothole","QUEENS","Closed"
"69257658","2026-06-05T18:30:57","2026-06-05T21:34:00","Street Condition","Pothole","QUEENS","Closed"
"69282442","2026-06-07T12:38:59","2026-06-09T09:44:00","Street Condition","Pothole","QUEENS","Closed"
"69284101","2026-06-07T13:26:24","","Street Condition","Pothole","QUEENS","Open"
"69282449","2026-06-07T19:32:36","2026-06-10T14:05:00","Street Condition","Pothole","MANHATTAN","Closed"
"69281951","2026-06-07T14:34:01","2026-06-08T09:15:00","Street Condition","Pothole","BROOKLYN","Closed"
"69284102","2026-06-07T11:04:27","2026-06-09T13:15:00","Street Condition","Pothole","QUEENS","Closed"
"69285229","2026-06-06T14:46:38","2026-06-07T09:22:00","Street Condition","Pothole","QUEENS","Closed"
"69282440","2026-06-07T18:35:35","2026-06-08T02:22:00","Street Condition","Pothole","QUEENS","Closed"
"69281969","2026-06-07T00:27:12","2026-06-08T17:42:00","Street Condition","Pothole","MANHATTAN","Closed"
"69284091","2026-06-06T15:31:56","2026-06-11T09:30:00","Street Condition","Pothole","BRONX","Closed"
"69282446","2026-06-06T16:55:46","","Street Condition","Pothole","QUEENS","Open"
"69284087","2026-06-07T07:49:46","","Street Condition","Pothole","BROOKLYN","Open"
"69291895","2026-06-05T13:45:43","2026-06-06T09:06:00","Street Condition","Pothole","MANHATTAN","Closed"
"69285704","2026-06-06T12:16:43","2026-06-08T23:33:00","Street Condition","Pothole","QUEENS","Closed"
"69285695","2026-06-07T19:53:09","2026-06-08T22:22:00","Street Condition","Pothole","QUEENS","Closed"
"69292398","2026-06-07T19:27:05","","Street Condition","Pothole","BROOKLYN","Open"
"69285685","2026-06-07T14:40:11","2026-06-09T12:25:00","Street Condition","Pothole","BRONX","Closed"
"69285680","2026-06-07T21:28:29","","Street Condition","Pothole","BROOKLYN","Open"
"69289074","2026-06-07T20:16:50","2026-06-09T21:22:00","Street Condition","Pothole","QUEENS","Closed"
"69287375","2026-06-06T19:50:47","2026-06-09T11:20:00","Street Condition","Pothole","MANHATTAN","Closed"
"69290690","2026-06-06T15:55:16","","Street Condition","Pothole","QUEENS","Open"
"69292397","2026-06-07T21:18:35","","Street Condition","Pothole","BROOKLYN","Open"
"69285681","2026-06-07T15:30:08","","Street Condition","Pothole","BROOKLYN","Open"
"69287381","2026-06-06T18:57:02","","Street Condition","Pothole","BROOKLYN","Open"
"69290210","2026-06-06T14:32:01","2026-06-07T09:43:00","Street Condition","Pothole","QUEENS","Closed"
"69285701","2026-06-06T18:52:07","","Street Condition","Pothole","QUEENS","Open"
"69288608","2026-06-07T19:44:05","2026-06-07T19:44:05","Street Condition","Pothole","QUEENS","Closed"
"69286915","2026-06-06T08:01:40","2026-06-08T10:15:00","Street Condition","Pothole","BROOKLYN","Closed"
"69289081","2026-06-06T10:19:43","","Street Condition","Pothole","QUEENS","Open"
"69285702","2026-06-06T17:14:03","2026-06-07T20:05:00","Street Condition","Pothole","QUEENS","Closed"
"69292400","2026-06-07T14:36:41","","Street Condition","Pothole","BROOKLYN","Open"
"69287373","2026-06-07T09:40:21","2026-06-09T13:10:00","Street Condition","Pothole","MANHATTAN","Closed"
"69285683","2026-06-07T08:29:23","","Street Condition","Pothole","BROOKLYN","Open"
"69285698","2026-06-07T14:42:04","2026-06-09T20:22:00","Street Condition","Pothole","QUEENS","Closed"
"69292427","2026-06-06T12:45:23","2026-06-09T10:19:00","Street Condition","Pothole","QUEENS","Closed"
"69291896","2026-06-07T01:28:36","2026-06-08T23:54:00","Street Condition","Pothole","BROOKLYN","Closed"
"69293668","2026-06-06T19:24:53","2026-06-06T19:24:53","Street Condition","Pothole","QUEENS","Closed"
"69293650","2026-06-06T09:26:39","2026-06-08T11:35:00","Street Condition","Pothole","BROOKLYN","Closed"
"69293641","2026-06-06T19:46:49","2026-06-08T10:45:00","Street Condition","Pothole","MANHATTAN","Closed"
"69294120","2026-06-06T11:05:03","2026-06-11T09:15:00","Street Condition","Pothole","BRONX","Closed"
"69293648","2026-06-07T08:24:41","2026-06-08T11:50:00","Street Condition","Pothole","BROOKLYN","Closed"
"69294115","2026-06-07T10:16:07","","Street Condition","Pothole","BROOKLYN","Open"
"69293665","2026-06-06T14:50:05","2026-06-07T10:15:00","Street Condition","Pothole","QUEENS","Closed"
"69282417","2026-06-06T21:09:19","2026-06-09T09:30:00","Street Condition","Pothole","MANHATTAN","Closed"
"69283623","2026-06-07T01:17:26","2026-06-08T19:47:00","Street Condition","Pothole","BROOKLYN","Closed"
"69287384","2026-06-07T15:41:59","2026-06-10T09:08:00","Street Condition","Pothole","BRONX","Closed"
"69288575","2026-06-05T13:52:51","2026-06-06T09:48:00","Street Condition","Pothole","MANHATTAN","Closed"
"69290189","2026-06-07T01:17:56","2026-06-08T20:01:00","Street Condition","Pothole","BROOKLYN","Closed"
"69292417","2026-06-07T21:13:04","2026-06-09T05:32:00","Street Condition","Pothole","QUEENS","Closed"
"69292418","2026-06-07T21:12:09","2026-06-09T02:22:00","Street Condition","Pothole","QUEENS","Closed"
"69189778","2026-06-01T02:57:22","2026-06-12T10:55:00","Street Condition","Pothole","Unspecified","Closed"
"69185585","2026-06-01T01:43:20","2026-06-11T13:15:00","Street Condition","Pothole","STATEN ISLAND","Closed"
"69189780","2026-06-01T02:25:59","2026-06-01T20:44:00","Street Condition","Pothole","QUEENS","Closed"
"69192559","2026-06-01T02:21:17","2026-06-01T20:22:00","Street Condition","Pothole","QUEENS","Closed"
